Uniprot.Accession,Position
O00141,41
O00186,19
O00186,577
O00220,370
O00238,202
O00238,208
O00257,197
O00257,205
O00267,718
O00267,725
O00329,852
O00370,271
O00370,292
O00391,211
O00391,372
O00391,379
O00408,555
O00408,556
O00410,475
O00410,487
O00421,280
O00444,792
O00471,297
O00478,333
O00487,186
O00499,146
O00505,121
O00506,244
O00512,74
O00512,86
O00515,348
O00522,720
O00533,1104
O00533,305
O00533,545
O00533,653
O00533,669
O00566,381
O00567,486
O00567,505
O00567,507
O00592,385
O00743,245
O00743,251
O00750,825
O00754,345
O00757,218
O00763,435
O14494,260
O14497,2159
O14498,367
O14511,166
O14524,121
O14524,123
O14578,773
O14639,254
O14639,258
O14639,563
O14646,620
O14647,1327
O14709,25
O14733,245
O14775,356
O14776,392
O14782,630
O14786,347
O14786,504
O14788,129
O14791,148
O14791,167
O14791,373
O14791,381
O14791,390
O14792,250
O14815,552
O14815,553
O14832,128
O14832,231
O14862,85
O14867,640
O14879,11
O14879,17
O14936,20
O14936,250
O14936,756
O14974,294
O14974,297
O14974,318
O14976,573
O14981,23
O14983,328
O14983,329
O15013,623
O15014,568
O15014,582
O15014,586
O15015,752
O15015,764
O15020,121
O15020,179
O15021,1820
O15021,315
O15031,1250
O15034,338
O15042,159
O15061,362
O15068,189
O15068,209
O15078,1004
O15083,508
O15083,570
O15083,593
O15090,461
O15090,485
O15105,70
O15145,37
O15145,50
O15160,332
O15164,892
O15164,905
O15205,70
O15205,72
O15205,79
O15211,437
O15213,384
O15228,507
O15229,138
O15265,858
O15294,742
O15294,752
O15327,453
O15353,377
O15381,199
O15403,488
O15409,74
O15438,938
O15457,522
O15480,154
O15480,155
O15484,276
O15484,555
O15492,17
O15498,53
O15544,47
O43147,9
O43148,137
O43151,1262
O43151,1284
O43166,406
O43184,375
O43237,50
O43237,55
O43237,67
O43255,129
O43290,54
O43295,1086
O43299,56
O43307,370
O43312,36
O43312,39
O43325,50
O43345,943
O43345,946
O43374,350
O43390,114
O43395,205
O43395,220
O43423,64
O43424,187
O43432,764
O43451,868
O43462,68
O43462,96
O43491,239
O43493,449
O43505,386
O43520,88
O43520,91
O43602,234
O43602,275
O43639,59
O43707,122
O43707,323
O43707,432
O43707,450
O43719,679
O43719,687
O43719,695
O43731,64
O43752,118
O43765,103
O43781,481
O43790,111
O43790,191
O43790,192
O43790,193
O43823,428
O43829,229
O43829,249
O43854,363
O43854,397
O43897,564
O43900,154
O43900,402
O43927,2
O60220,29
O60229,730
O60238,187
O60266,973
O60266,975
O60271,725
O60279,353
O60281,1660
O60281,2543
O60281,2544
O60282,274
O60282,766
O60292,1734
O60292,573
O60293,1154
O60303,507
O60306,228
O60313,554
O60331,37
O60333,228
O60333,229
O60346,527
O60361,109
O60361,85
O60384,10
O60384,28
O60422,493
O60437,563
O60443,83
O60447,393
O60486,817
O60486,825
O60488,500
O60502,497
O60518,16
O60522,709
O60522,711
O60522,715
O60603,404
O60610,133
O60656,75
O60662,31
O60662,72
O60662,89
O60673,1536
O60673,2208
O60674,1055
O60674,1069
O60687,211
O60704,216
O60729,271
O60733,261
O60733,265
O60733,489
O60759,76
O60809,131
O60814,109
O60814,117
O60814,12
O60814,13
O60814,16
O60832,302
O60840,1582
O60844,107
O60870,311
O60870,324
O60870,341
O75015,138
O75015,40
O75037,664
O75044,143
O75044,155
O75044,165
O75064,116
O75093,886
O75093,902
O75094,258
O75096,925
O75112,235
O75116,659
O75116,664
O75132,215
O75132,244
O75140,118
O75152,481
O75152,521
O75152,553
O75153,271
O75159,298
O75164,506
O75164,507
O75165,1345
O75165,1502
O75165,78
O75165,79
O75165,84
O75170,790
O75170,814
O75179,2004
O75179,2035
O75182,239
O75326,117
O75326,280
O75326,298
O75326,352
O75326,405
O75334,288
O75344,218
O75351,311
O75352,21
O75362,534
O75362,538
O75362,565
O75362,862
O75362,887
O75363,223
O75363,241
O75366,349
O75366,357
O75366,363
O75368,37
O75376,1255
O75385,62
O75417,1345
O75417,1356
O75417,1369
O75420,846
O75426,143
O75426,159
O75437,388
O75449,267
O75449,281
O75469,252
O75477,257
O75477,267
O75553,95
O75558,108
O75570,373
O75575,32
O75592,3431
O75592,641
O75602,399
O75602,401
O75626,551
O75626,553
O75636,276
O75689,123
O75689,138
O75691,2099
O75691,2101
O75695,109
O75695,46
O75815,682
O75828,232
O75828,238
O75882,1015
O75882,1130
O75882,1133
O75882,1232
O75882,1235
O75882,1242
O75882,401
O75882,403
O75882,439
O75882,749
O75882,806
O75882,831
O75882,837
O75884,159
O75897,113
O75897,92
O75899,188
O75899,70
O75909,118
O75909,137
O75923,1609
O75923,1610
O75923,1841
O75923,1851
O75943,297
O75943,590
O75955,166
O75955,211
O75955,220
O75955,244
O75955,302
O75955,340
O75955,341
O75955,360
O75955,377
O75955,51
O75962,1018
O75962,1808
O75964,55
O75970,1388
O75976,1201
O76021,116
O76021,120
O76021,408
O76021,426
O76031,164
O76031,171
O76031,178
O76038,47
O76038,61
O76039,275
O76041,708
O76064,155
O76064,178
O94769,208
O94776,592
O94782,656
O94782,673
O94788,456
O94808,62
O94808,64
O94812,701
O94822,872
O94822,904
O94826,258
O94832,582
O94832,591
O94832,758
O94868,45
O94874,625
O94874,633
O94874,654
O94905,257
O94910,243
O94913,315
O94913,328
O94913,331
O94915,2232
O94916,249
O94916,259
O94916,264
O94919,252
O94919,281
O94919,300
O94972,175
O94985,410
O95049,181
O95155,1001
O95163,1145
O95171,493
O95197,116
O95197,998
O95199,403
O95199,413
O95202,133
O95238,173
O95239,761
O95239,78
O95239,94
O95267,461
O95267,469
O95299,221
O95299,242
O95299,243
O95299,280
O95302,441
O95340,307
O95340,357
O95347,336
O95359,2386
O95359,2417
O95359,2420
O95359,384
O95390,86
O95393,267
O95425,74
O95445,99
O95450,683
O95455,18
O95466,955
O95466,961
O95466,979
O95478,166
O95478,76
O95478,80
O95490,1439
O95497,272
O95502,488
O95502,499
O95573,397
O95631,358
O95661,201
O95678,175
O95696,368
O95714,187
O95714,3067
O95714,4186
O95714,4201
O95714,649
O95749,174
O95754,169
O95754,193
O95754,281
O95754,292
O95757,194
O95785,341
O95789,611
O95810,102
O95835,43
O95847,160
O95932,456
O96001,117
O96005,207
O96005,209
O96011,189
O96028,404
O96028,420
O96028,425
P00325,11
P00325,232
P00325,249
P00325,326
P00325,367
P00325,40
P00338,149
P00338,59
P00352,252
P00352,36
P00367,200
P00367,211
P00390,340
P00441,10
P00441,123
P00441,129
P00441,31
P00441,37
P00441,4
P00450,104
P00450,110
P00450,187
P00450,202
P00450,211
P00450,248
P00450,307
P00450,359
P00450,42
P00450,43
P00450,437
P00450,468
P00450,484
P00450,523
P00450,547
P00450,572
P00450,576
P00450,609
P00450,619
P00450,778
P00450,799
P00450,819
P00450,825
P00450,860
P00450,906
P00450,944
P00450,947
P00450,957
P00451,1335
P00488,463
P00488,505
P00488,514
P00491,211
P00533,487
P00558,199
P00558,323
P00558,353
P00558,97
P00698,114
P00698,115
P00698,134
P00698,19
P00698,31
P00698,51
P00734,243
P00734,247
P00734,345
P00734,350
P00734,384
P00734,440
P00734,446
P00734,467
P00734,470
P00734,498
P00734,508
P00734,537
P00734,554
P00734,559
P00734,575
P00734,99
P00736,36
P00736,399
P00736,57
P00738,136
P00738,141
P00738,170
P00738,227
P00738,228
P00738,251
P00738,253
P00738,255
P00738,270
P00738,291
P00738,297
P00738,321
P00738,322
P00738,325
P00738,401
P00738,53
P00738,71
P00738,77
P00738,82
P00738,94
P00739,193
P00739,195
P00740,440
P00740,446
P00742,310
P00742,316
P00742,378
P00742,446
P00742,454
P00747,104
P00747,15
P00747,277
P00747,38
P00747,39
P00747,411
P00747,52
P00747,528
P00747,626
P00747,634
P00747,664
P00747,670
P00747,680
P00747,96
P00748,146
P00751,291
P00751,299
P00751,319
P00751,337
P00751,348
P00751,350
P00751,413
P00751,416
P00751,45
P00751,454
P00751,486
P00751,492
P00751,498
P00751,538
P00751,565
P00751,583
P00751,587
P00751,619
P00751,629
P00751,638
P00751,639
P00751,643
P00751,668
P00751,670
P00751,707
P00751,753
P00751,755
P00751,86
P00751,91
P00915,128
P00915,138
P00915,150
P00915,160
P00915,169
P00915,35
P00915,40
P00915,58
P00915,81
P00918,148
P00918,167
P00918,224
P00966,49
P00966,50
P01008,102
P01008,146
P01008,157
P01008,171
P01008,208
P01008,260
P01008,268
P01008,273
P01008,289
P01008,307
P01008,319
P01008,322
P01008,382
P01008,435
P01008,61
P01008,71
P01008,85
P01009,149
P01009,153
P01009,159
P01009,160
P01009,178
P01009,179
P01009,187
P01009,192
P01009,198
P01009,215
P01009,225
P01009,241
P01009,258
P01009,298
P01009,314
P01009,324
P01009,334
P01009,34
P01009,352
P01009,355
P01009,359
P01009,367
P01009,389
P01009,392
P01009,404
P01009,411
P01009,49
P01011,158
P01011,177
P01011,178
P01011,191
P01011,197
P01011,214
P01011,216
P01011,235
P01011,297
P01011,315
P01011,340
P01011,360
P01011,379
P01011,416
P01011,67
P01019,179
P01019,250
P01019,370
P01019,61
P01019,63
P01019,75
P01019,82
P01019,94
P01023,1003
P01023,108
P01023,1133
P01023,1147
P01023,115
P01023,1162
P01023,1164
P01023,1168
P01023,1176
P01023,1177
P01023,123
P01023,1240
P01023,1263
P01023,1274
P01023,1336
P01023,135
P01023,1384
P01023,139
P01023,1393
P01023,1397
P01023,145
P01023,1469
P01023,171
P01023,188
P01023,204
P01023,271
P01023,28
P01023,305
P01023,307
P01023,312
P01023,349
P01023,354
P01023,375
P01023,382
P01023,516
P01023,531
P01023,557
P01023,567
P01023,608
P01023,664
P01023,676
P01023,682
P01023,811
P01023,820
P01023,896
P01023,901
P01023,912
P01024,1001
P01024,1050
P01024,1051
P01024,1071
P01024,1113
P01024,1155
P01024,1209
P01024,1215
P01024,1217
P01024,1225
P01024,1244
P01024,1325
P01024,1351
P01024,1353
P01024,1360
P01024,1364
P01024,1368
P01024,1375
P01024,1381
P01024,1431
P01024,1436
P01024,1450
P01024,1497
P01024,1501
P01024,1504
P01024,1526
P01024,1535
P01024,1546
P01024,155
P01024,1599
P01024,225
P01024,305
P01024,359
P01024,362
P01024,418
P01024,427
P01024,428
P01024,566
P01024,584
P01024,600
P01024,607
P01024,608
P01024,610
P01024,615
P01024,622
P01024,678
P01024,682
P01024,688
P01024,721
P01024,722
P01024,789
P01024,861
P01024,879
P01024,891
P01024,904
P01024,913
P01024,930
P01024,959
P01031,1048
P01031,1050
P01031,109
P01031,1163
P01031,1219
P01031,1235
P01031,1262
P01031,1305
P01031,1318
P01031,1327
P01031,1400
P01031,142
P01031,1549
P01031,156
P01031,1576
P01031,1578
P01031,1594
P01031,1613
P01031,1622
P01031,206
P01031,241
P01031,244
P01031,251
P01031,353
P01031,364
P01031,372
P01031,376
P01031,408
P01031,495
P01031,63
P01031,681
P01031,682
P01031,689
P01031,691
P01031,726
P01031,755
P01031,762
P01031,784
P01031,818
P01031,821
P01031,842
P01031,957
P01031,970
P01034,62
P01042,101
P01042,113
P01042,254
P01042,262
P01042,315
P01042,316
P01042,344
P01042,363
P01042,42
P01042,43
P01042,478
P01042,64
P01042,75
P01042,79
P01042,89
P01042,97
P01210,259
P01344,89
P01589,37
P01589,52
P01602,72
P01603,103
P01614,81
P01712,55
P01742,38
P01764,117
P01764,95
P01773,76
P01781,76
P01817,92
P01834,37
P01834,41
P01834,61
P01834,75
P01834,80
P01834,82
P01834,99
P01857,105
P01857,129
P01857,131
P01857,16
P01857,171
P01857,173
P01857,200
P01857,205
P01857,209
P01857,217
P01857,221
P01857,223
P01857,243
P01857,253
P01857,292
P01857,30
P01857,88
P01859,101
P01859,125
P01859,196
P01859,199
P01859,201
P01859,205
P01859,239
P01859,249
P01859,271
P01860,101
P01860,118
P01860,133
P01860,148
P01860,176
P01860,218
P01860,256
P01860,264
P01861,101
P01861,128
P01861,202
P01861,206
P01861,214
P01861,240
P01861,93
P01871,112
P01871,131
P01871,153
P01871,169
P01871,177
P01871,238
P01871,315
P01871,322
P01871,376
P01871,64
P01871,76
P01871,89
P01871,99
P01876,168
P01876,200
P01876,212
P01876,258
P01876,275
P01876,307
P01876,327
P01877,155
P02008,100
P02008,62
P02042,121
P02042,133
P02042,145
P02042,18
P02042,60
P02042,66
P02042,67
P02042,9
P02144,148
P02452,442
P02452,448
P02454,575
P02454,601
P02454,646
P02454,698
P02461,1391
P02461,1401
P02461,610
P02462,1319
P02462,1328
P02462,1496
P02466,1020
P02466,1070
P02466,549
P02466,575
P02538,421
P02549,104
P02549,1102
P02549,1238
P02549,1290
P02549,130
P02549,1374
P02549,1468
P02549,1486
P02549,1503
P02549,1579
P02549,1586
P02549,159
P02549,1648
P02549,1708
P02549,1732
P02549,1803
P02549,1902
P02549,1947
P02549,1992
P02549,1994
P02549,2040
P02549,2051
P02549,2061
P02549,210
P02549,2132
P02549,2147
P02549,2200
P02549,2202
P02549,2263
P02549,2331
P02549,2352
P02549,2373
P02549,238
P02549,281
P02549,283
P02549,319
P02549,326
P02549,345
P02549,389
P02549,416
P02549,450
P02549,48
P02549,541
P02549,554
P02549,579
P02549,586
P02549,59
P02549,595
P02549,634
P02549,642
P02549,67
P02549,72
P02549,728
P02549,779
P02549,858
P02549,918
P02549,93
P02549,940
P02585,53
P02647,101
P02647,112
P02647,118
P02647,120
P02647,130
P02647,131
P02647,142
P02647,157
P02647,164
P02647,206
P02647,219
P02647,230
P02647,232
P02647,250
P02647,262
P02647,263
P02647,36
P02647,47
P02647,64
P02647,69
P02647,83
P02649,113
P02649,19
P02649,251
P02649,260
P02649,87
P02649,93
P02652,26
P02652,46
P02652,51
P02652,53
P02652,62
P02652,67
P02652,69
P02652,77
P02652,78
P02654,36
P02654,38
P02654,47
P02654,56
P02654,63
P02654,74
P02655,61
P02655,70
P02655,77
P02655,98
P02656,37
P02656,41
P02656,44
P02656,71
P02671,100
P02671,144
P02671,148
P02671,157
P02671,167
P02671,176
P02671,195
P02671,202
P02671,210
P02671,225
P02671,227
P02671,238
P02671,249
P02671,432
P02671,437
P02671,446
P02671,448
P02671,463
P02671,467
P02671,476
P02671,527
P02671,558
P02671,575
P02671,581
P02671,599
P02671,602
P02671,620
P02671,71
P02671,89
P02671,97
P02675,160
P02675,163
P02675,178
P02675,208
P02675,211
P02675,239
P02675,247
P02675,264
P02675,295
P02675,300
P02675,313
P02675,348
P02675,351
P02675,353
P02675,367
P02675,374
P02675,426
P02675,458
P02675,471
P02675,52
P02679,101
P02679,111
P02679,114
P02679,121
P02679,146
P02679,153
P02679,166
P02679,177
P02679,188
P02679,196
P02679,222
P02679,231
P02679,232
P02679,238
P02679,292
P02679,299
P02679,328
P02679,399
P02679,407
P02679,411
P02679,84
P02679,88
P02730,116
P02730,160
P02730,174
P02730,542
P02730,592
P02730,600
P02730,69
P02730,743
P02730,757
P02730,817
P02741,31
P02741,41
P02743,102
P02743,149
P02743,162
P02743,218
P02743,26
P02745,223
P02746,163
P02747,115
P02747,117
P02747,157
P02747,188
P02747,198
P02747,72
P02748,207
P02748,210
P02748,225
P02748,231
P02748,292
P02748,375
P02748,435
P02748,441
P02748,483
P02749,123
P02749,129
P02749,204
P02749,221
P02749,227
P02749,25
P02749,269
P02749,270
P02749,285
P02749,287
P02749,295
P02749,301
P02749,306
P02749,324
P02749,327
P02749,336
P02749,38
P02749,52
P02749,63
P02749,78
P02750,223
P02750,229
P02750,247
P02750,336
P02750,345
P02751,100
P02751,1050
P02751,1070
P02751,1116
P02751,116
P02751,1254
P02751,1544
P02751,1579
P02751,1586
P02751,1796
P02751,1837
P02751,1880
P02751,1936
P02751,1981
P02751,2230
P02751,49
P02751,90
P02751,987
P02753,105
P02753,107
P02753,168
P02753,35
P02753,47
P02753,76
P02760,106
P02760,111
P02760,149
P02760,227
P02760,309
P02760,311
P02760,326
P02760,331
P02760,88
P02763,126
P02763,148
P02763,170
P02763,179
P02763,188
P02765,106
P02765,120
P02765,124
P02765,131
P02765,211
P02765,218
P02765,225
P02766,146
P02766,29
P02766,35
P02766,90
P02766,96
P02768,117
P02768,130
P02768,160
P02768,161
P02768,183
P02768,186
P02768,198
P02768,205
P02768,214
P02768,219
P02768,223
P02768,229
P02768,236
P02768,249
P02768,257
P02768,264
P02768,28
P02768,286
P02768,298
P02768,300
P02768,305
P02768,310
P02768,337
P02768,341
P02768,347
P02768,36
P02768,375
P02768,383
P02768,396
P02768,402
P02768,413
P02768,426
P02768,437
P02768,438
P02768,44
P02768,456
P02768,460
P02768,463
P02768,468
P02768,490
P02768,499
P02768,524
P02768,543
P02768,548
P02768,549
P02768,558
P02768,560
P02768,565
P02768,569
P02768,581
P02768,584
P02768,588
P02768,597
P02768,598
P02768,65
P02768,75
P02768,88
P02768,97
P02771,194
P02771,205
P02774,114
P02774,153
P02774,201
P02774,207
P02774,229
P02774,238
P02774,242
P02774,264
P02774,276
P02774,284
P02774,292
P02774,30
P02774,332
P02774,341
P02774,345
P02774,363
P02774,37
P02774,370
P02774,388
P02774,394
P02774,402
P02774,429
P02774,436
P02774,440
P02774,471
P02774,51
P02774,65
P02774,94
P02775,119
P02775,120
P02775,47
P02775,49
P02775,75
P02787,121
P02787,122
P02787,215
P02787,225
P02787,236
P02787,258
P02787,278
P02787,295
P02787,297
P02787,299
P02787,310
P02787,315
P02787,323
P02787,331
P02787,359
P02787,362
P02787,373
P02787,399
P02787,453
P02787,46
P02787,464
P02787,489
P02787,515
P02787,530
P02787,546
P02787,553
P02787,564
P02787,571
P02787,576
P02787,588
P02787,60
P02787,61
P02787,618
P02787,646
P02787,659
P02787,668
P02787,676
P02787,683
P02787,97
P02790,112
P02790,115
P02790,123
P02790,124
P02790,126
P02790,130
P02790,178
P02790,332
P02790,343
P02790,347
P02790,386
P02790,402
P02790,41
P02790,411
P02790,441
P02790,77
P02790,91
P02794,120
P03372,299
P03951,183
P03951,527
P03951,557
P03952,117
P03952,159
P03952,259
P03952,324
P03952,459
P03952,467
P03952,528
P03952,537
P03952,556
P03952,567
P03952,571
P03952,624
P03952,631
P03952,73
P03952,89
P03956,404
P03956,425
P03973,28
P04003,111
P04003,241
P04003,260
P04003,266
P04003,431
P04003,438
P04003,481
P04003,566
P04003,573
P04003,78
P04004,186
P04004,194
P04004,275
P04004,36
P04004,367
P04004,368
P04040,237
P04040,243
P04040,468
P04040,480
P04040,98
P04053,481
P04062,113
P04070,259
P04075,108
P04075,14
P04075,140
P04075,153
P04075,230
P04083,287
P04083,97
P04085,77
P04114,100
P04114,1034
P04114,1043
P04114,1052
P04114,1087
P04114,110
P04114,1119
P04114,1121
P04114,117
P04114,1291
P04114,1311
P04114,132
P04114,1324
P04114,139
P04114,1436
P04114,1442
P04114,147
P04114,1586
P04114,1635
P04114,1642
P04114,1778
P04114,1802
P04114,1820
P04114,1837
P04114,1958
P04114,196
P04114,1982
P04114,1984
P04114,2004
P04114,2100
P04114,2139
P04114,2141
P04114,2164
P04114,2265
P04114,2284
P04114,2286
P04114,2578
P04114,2697
P04114,287
P04114,2915
P04114,293
P04114,3014
P04114,3034
P04114,305
P04114,314
P04114,3148
P04114,3159
P04114,3163
P04114,320
P04114,3232
P04114,3237
P04114,327
P04114,334
P04114,350
P04114,3531
P04114,3673
P04114,3724
P04114,3790
P04114,3846
P04114,3905
P04114,3944
P04114,3979
P04114,3995
P04114,4035
P04114,4040
P04114,4071
P04114,4087
P04114,4168
P04114,4461
P04114,4465
P04114,4478
P04114,51
P04114,525
P04114,539
P04114,641
P04114,654
P04114,669
P04114,707
P04114,717
P04114,732
P04114,742
P04114,745
P04114,760
P04114,79
P04114,921
P04114,923
P04114,93
P04114,930
P04114,934
P04114,949
P04180,129
P04181,31
P04196,106
P04196,139
P04196,164
P04196,166
P04196,279
P04196,466
P04196,490
P04196,507
P04196,509
P04196,525
P04208,51
P04216,21
P04217,106
P04217,114
P04217,134
P04217,248
P04217,78
P04220,91
P04275,1371
P04275,1423
P04275,457
P04278,163
P04278,202
P04278,322
P04406,107
P04406,145
P04406,162
P04406,186
P04406,194
P04406,215
P04406,219
P04406,227
P04406,260
P04406,263
P04406,334
P04406,5
P04406,55
P04406,61
P04424,106
P04438,92
P04632,179
P04792,114
P04792,123
P04899,198
P04920,583
P05019,75
P05023,494
P05089,39
P05089,83
P05090,164
P05090,187
P05090,41
P05106,438
P05106,669
P05109,35
P05109,7
P05114,61
P05114,82
P05121,177
P05121,199
P05154,170
P05155,201
P05155,211
P05155,216
P05155,316
P05155,321
P05155,328
P05155,329
P05155,341
P05155,380
P05155,385
P05155,390
P05155,402
P05155,44
P05155,487
P05156,117
P05156,136
P05156,142
P05156,19
P05156,200
P05156,239
P05156,31
P05156,405
P05156,506
P05160,109
P05160,359
P05160,43
P05160,90
P05165,104
P05165,84
P05166,140
P05452,36
P05452,42
P05452,48
P05452,62
P05452,73
P05543,141
P05543,145
P05543,182
P05543,184
P05543,193
P05543,218
P05543,229
P05543,273
P05543,287
P05543,298
P05543,345
P05543,352
P05543,360
P05546,132
P05546,142
P05546,228
P05546,237
P05546,239
P05546,261
P05546,268
P05546,271
P05546,275
P05546,302
P05546,322
P05546,367
P05546,396
P05546,401
P05546,410
P05546,420
P05771,375
P05783,81
P05997,311
P06276,342
P06276,37
P06276,376
P06276,383
P06276,527
P06276,595
P06310,75
P06312,44
P06396,162
P06396,168
P06396,169
P06396,177
P06396,239
P06396,245
P06396,277
P06396,289
P06396,302
P06396,338
P06396,356
P06396,360
P06396,368
P06396,373
P06396,390
P06396,394
P06396,457
P06396,530
P06396,542
P06396,548
P06396,584
P06396,597
P06396,61
P06396,615
P06396,728
P06396,75
P06400,847
P06401,171
P06401,183
P06681,378
P06681,386
P06681,443
P06681,537
P06681,549
P06681,550
P06681,566
P06681,65
P06681,721
P06702,38
P06727,104
P06727,123
P06727,187
P06727,189
P06727,198
P06727,209
P06727,211
P06727,233
P06727,246
P06727,247
P06727,287
P06727,316
P06727,328
P06727,345
P06727,350
P06727,359
P06727,361
P06727,51
P06727,65
P06727,78
P06727,79
P06727,97
P06727,99
P06732,358
P06732,365
P06733,89
P06744,252
P06744,466
P06753,113
P06753,129
P06753,137
P06753,153
P06753,162
P06753,169
P06753,206
P06753,227
P06865,382
P06899,35
P07195,119
P07195,329
P07195,60
P07195,82
P07196,379
P07197,451
P07197,632
P07197,645
P07197,658
P07205,41
P07225,138
P07225,274
P07225,364
P07225,401
P07225,424
P07225,433
P07225,464
P07225,470
P07225,591
P07225,609
P07237,366
P07237,415
P07237,444
P07237,71
P07237,81
P07306,103
P07333,168
P07333,197
P07333,33
P07357,204
P07357,214
P07357,239
P07357,241
P07357,242
P07357,295
P07357,361
P07357,412
P07357,479
P07358,212
P07358,226
P07358,251
P07358,289
P07358,305
P07358,380
P07358,411
P07358,466
P07358,490
P07359,148
P07359,165
P07360,184
P07384,280
P07451,224
P07451,64
P07492,91
P07585,147
P07585,150
P07737,105
P07737,108
P07737,126
P07737,54
P07737,91
P07738,159
P07738,18
P07738,181
P07738,197
P07738,3
P07738,43
P07738,5
P07766,37
P07900,585
P07900,631
P07911,420
P07942,1226
P07942,1231
P07942,229
P07948,338
P07951,220
P07954,311
P07996,110
P07996,201
P07996,300
P07996,50
P07996,74
P07996,86
P07998,90
P08123,1023
P08123,621
P08123,738
P08133,598
P08172,264
P08172,280
P08174,142
P08174,76
P08183,519
P08253,639
P08294,229
P08294,230
P08567,134
P08567,45
P08567,70
P08567,75
P08571,119
P08572,1346
P08572,57
P08575,1200
P08603,1066
P08603,1202
P08603,156
P08603,224
P08603,228
P08603,388
P08603,410
P08603,478
P08603,496
P08603,588
P08603,646
P08603,68
P08603,749
P08603,754
P08603,766
P08603,768
P08603,769
P08603,854
P08637,149
P08651,326
P08670,139
P08670,143
P08670,168
P08670,262
P08670,313
P08670,445
P08697,170
P08697,175
P08697,189
P08697,244
P08697,445
P08697,454
P08697,461
P08697,468
P08697,51
P08697,64
P08708,49
P08758,70
P08F94,1018
P08F94,3938
P09104,239
P09104,256
P09172,248
P09172,514
P09172,616
P09172,82
P09326,151
P09327,195
P09467,330
P09493,217
P09543,204
P09601,204
P09601,48
P09601,69
P09630,221
P09871,105
P09871,210
P09871,280
P09871,501
P09871,602
P09871,629
P09871,677
P09960,58
P09960,64
P09972,111
P0C0L4,1030
P0C0L4,1042
P0C0L4,1051
P0C0L4,1099
P0C0L4,1174
P0C0L4,118
P0C0L4,1340
P0C0L4,1365
P0C0L4,1369
P0C0L4,1375
P0C0L4,1379
P0C0L4,1457
P0C0L4,1477
P0C0L4,1503
P0C0L4,1575
P0C0L4,1594
P0C0L4,1630
P0C0L4,1646
P0C0L4,1655
P0C0L4,1658
P0C0L4,166
P0C0L4,235
P0C0L4,249
P0C0L4,274
P0C0L4,304
P0C0L4,316
P0C0L4,325
P0C0L4,523
P0C0L4,570
P0C0L4,579
P0C0L4,623
P0C0L4,685
P0C0L4,690
P0C0L4,700
P0C0L4,71
P0C0L4,817
P0C0L4,912
P0C0L4,92
P0C0L4,929
P0C0L4,935
P0C0L4,95
P0C0L5,1099
P0C0L5,1174
P0C0L5,1182
P0C0L5,1204
P0C671,591
P0C7I0,157
P0C7I0,447
P0C7I6,367
P0C7P3,605
P0C881,851
P0C881,866
P0CF74,60
P0CF74,65
P0CF74,80
P0CG04,43
P0CG04,50
P0CG04,57
P0CG04,60
P0CG04,98
P0CG05,23
P0CG05,43
P0CG05,50
P0CG05,60
P0CG06,80
P0CG06,83
P0CG38,1059
P0CG41,89
P0CG41,91
P0CG47,103
P0CG47,105
P0CG47,11
P0CG47,163
P0CG47,179
P0CG47,181
P0CG47,27
P0CG47,29
P0CG47,87
P0CJ78,1040
P0CW24,269
P0DJD0,920
P0DKB6,47
P0DMM9,258
P0DN79,359
P0DN79,94
P10073,322
P10073,327
P10114,5
P10144,44
P10144,47
P10412,157
P10412,46
P10523,397
P10586,185
P10586,612
P10591,536
P10599,39
P10599,85
P10636,383
P10636,467
P10636,480
P10636,491
P10636,542
P10636,551
P10636,576
P10636,597
P10636,598
P10636,664
P10636,670
P10636,686
P10636,87
P10643,167
P10643,174
P10643,244
P10643,323
P10643,354
P10643,361
P10643,400
P10643,420
P10643,578
P10643,593
P10643,628
P10643,646
P10643,744
P10643,781
P10644,32
P10645,215
P10721,209
P10721,499
P10768,29
P10909,322
P10909,40
P10909,426
P10909,429
P10909,437
P10909,44
P10909,54
P10909,57
P10909,62
P10909,68
P10909,78
P10909,79
P10911,797
P10911,802
P11021,123
P11021,154
P11021,164
P11021,326
P11021,344
P11021,447
P11021,523
P11021,573
P11021,620
P11021,81
P11047,1322
P11047,1327
P11047,880
P11055,1522
P11055,212
P11055,571
P11137,220
P11137,238
P11142,524
P11142,539
P11142,56
P11166,117
P11171,213
P11171,228
P11171,231
P11171,269
P11171,361
P11171,366
P11171,372
P11171,391
P11171,392
P11171,402
P11171,404
P11171,450
P11171,466
P11171,478
P11172,178
P11172,352
P11182,196
P11216,656
P11216,681
P11217,248
P11226,150
P11233,128
P11233,143
P11233,16
P11233,166
P11274,1220
P11277,102
P11277,1107
P11277,1175
P11277,1178
P11277,124
P11277,1244
P11277,1248
P11277,1262
P11277,1343
P11277,1353
P11277,1519
P11277,1670
P11277,1676
P11277,1685
P11277,1696
P11277,1709
P11277,1772
P11277,1816
P11277,186
P11277,1870
P11277,1877
P11277,1905
P11277,1983
P11277,1997
P11277,214
P11277,281
P11277,288
P11277,292
P11277,302
P11277,355
P11277,359
P11277,46
P11277,461
P11277,462
P11277,463
P11277,532
P11277,548
P11277,569
P11277,57
P11277,583
P11277,641
P11277,654
P11277,656
P11277,680
P11277,729
P11277,756
P11277,786
P11277,80
P11277,90
P11277,926
P11277,968
P11310,54
P11387,223
P11388,1196
P11388,1259
P11388,276
P11388,287
P11388,386
P11388,400
P11413,205
P11498,1119
P11509,112
P11532,297
P11532,473
P11586,157
P11586,262
P11586,56
P11597,46
P11684,72
P11717,1293
P11908,243
P11926,78
P11940,246
P12035,64
P12081,243
P12107,43
P12111,2763
P12259,105
P12259,121
P12259,1801
P12259,205
P12259,2185
P12259,389
P12259,393
P12259,77
P12532,275
P12814,431
P12814,502
P12814,516
P12814,603
P12882,1923
P12883,351
P12883,976
P12883,991
P12955,200
P12955,303
P12956,570
P13191,11
P13473,280
P13535,1168
P13535,1732
P13535,1757
P13584,45
P13611,170
P13611,3291
P13611,73
P13611,79
P13612,641
P13639,400
P13639,407
P13646,389
P13647,472
P13667,109
P13667,234
P13667,582
P13667,616
P13667,629
P13671,183
P13671,251
P13671,288
P13671,300
P13671,330
P13671,340
P13671,397
P13671,424
P13671,428
P13671,439
P13671,459
P13671,467
P13671,509
P13671,899
P13671,907
P13671,923
P13716,252
P13796,361
P13796,542
P13796,82
P13798,172
P13798,434
P13805,248
P13866,585
P13929,64
P13929,80
P13987,66
P14046,347
P14151,78
P14314,196
P14314,385
P14314,431
P14410,683
P14415,276
P14616,712
P14616,729
P14616,735
P14618,66
P14625,455
P14625,593
P14625,633
P14780,76
P14868,213
P14868,222
P15144,104
P15144,125
P15144,172
P15144,205
P15144,379
P15144,719
P15151,144
P15151,153
P15153,166
P15169,144
P15169,249
P15169,253
P15169,37
P15311,254
P15311,306
P15311,83
P15538,357
P15735,27
P15822,1107
P16035,107
P16035,67
P16070,38
P16157,110
P16157,1105
P16157,1120
P16157,1231
P16157,1241
P16157,1247
P16157,1265
P16157,1268
P16157,128
P16157,1345
P16157,27
P16157,355
P16157,360
P16157,363
P16157,380
P16157,392
P16157,421
P16157,454
P16157,462
P16157,466
P16157,487
P16157,535
P16157,54
P16157,545
P16157,586
P16157,59
P16157,611
P16157,666
P16157,67
P16157,689
P16157,715
P16157,718
P16157,730
P16157,755
P16157,76
P16157,77
P16157,775
P16233,390
P16233,416
P16234,703
P16260,86
P16401,67
P16402,35
P16403,136
P16403,172
P16403,175
P16403,199
P16403,201
P16403,21
P16403,22
P16403,23
P16403,27
P16435,404
P16452,150
P16452,204
P16452,223
P16452,24
P16452,372
P16452,436
P16452,445
P16452,480
P16452,529
P16452,530
P16452,58
P16452,597
P16452,71
P16452,88
P16615,135
P16615,141
P16615,460
P16615,476
P16615,481
P16615,683
P16930,181
P17019,431
P17019,438
P17019,441
P17022,143
P17039,487
P17066,514
P17213,123
P17213,126
P17600,279
P17600,281
P17612,267
P17612,84
P17643,233
P17643,255
P17735,64
P17735,66
P17735,71
P17858,16
P17900,88
P17927,1293
P17936,164
P17936,171
P17936,278
P17947,237
P17947,242
P18206,1024
P18206,488
P18206,59
P18206,607
P18206,639
P18206,646
P18206,655
P18206,699
P18206,792
P18206,802
P18206,815
P18428,319
P18428,37
P18428,412
P18428,443
P18433,317
P18433,343
P18433,538
P18510,70
P18510,89
P18577,235
P18577,409
P18754,335
P18850,629
P19021,712
P19022,472
P19174,925
P19256,62
P19320,154
P19320,176
P19320,198
P19320,486
P19320,497
P19634,750
P19652,148
P19652,179
P19652,42
P19823,133
P19823,135
P19823,150
P19823,176
P19823,190
P19823,207
P19823,242
P19823,246
P19823,252
P19823,284
P19823,327
P19823,334
P19823,367
P19823,379
P19823,463
P19823,487
P19823,488
P19823,537
P19823,573
P19823,605
P19823,93
P19827,114
P19827,121
P19827,125
P19827,180
P19827,182
P19827,214
P19827,222
P19827,223
P19827,229
P19827,309
P19827,317
P19827,341
P19827,418
P19827,519
P19827,577
P19827,580
P19827,621
P19827,93
P20020,359
P20020,452
P20020,590
P20020,807
P20020,840
P20020,87
P20073,268
P20592,425
P20592,557
P20594,791
P20618,204
P20742,1165
P20742,1403
P20742,231
P20742,315
P20742,371
P20742,604
P20742,947
P20807,711
P20827,103
P20839,436
P20839,438
P20849,834
P20851,237
P20851,243
P20851,244
P20929,1089
P20929,153
P20929,161
P20929,5119
P20929,5132
P20929,5549
P20929,5593
P20929,5600
P20929,5616
P20929,590
P20929,598
P20929,837
P20929,845
P20929,957
P20930,3967
P21108,18
P21333,1294
P21333,1372
P21333,1375
P21333,1491
P21333,1547
P21333,2024
P21333,2417
P21333,2569
P21333,508
P21333,771
P21333,781
P21333,891
P21333,994
P21359,1040
P21359,1062
P21397,357
P21781,111
P21781,86
P21781,92
P21802,401
P21802,641
P21817,3822
P21817,3823
P21941,350
P22003,441
P22003,442
P22059,649
P22061,105
P22105,3512
P22105,3629
P22105,3739
P22105,3785
P22234,304
P22303,54
P22314,385
P22352,120
P22352,137
P22352,147
P22352,208
P22455,169
P22692,236
P22695,2
P22792,441
P22888,225
P22894,62
P22897,637
P23025,179
P23025,183
P23141,402
P23193,265
P23193,267
P23276,235
P23276,297
P23276,441
P23276,487
P23276,684
P23284,131
P23284,165
P23284,171
P23284,215
P23284,67
P23284,98
P23468,1076
P23468,204
P23469,473
P23470,222
P23470,229
P23526,186
P23528,121
P23634,189
P23634,564
P23634,742
P23634,75
P23634,766
P23634,985
P23942,47
P24071,94
P24386,543
P24462,91
P24593,204
P24752,78
P25021,18
P25103,248
P25311,142
P25311,179
P25311,224
P25311,84
P25311,91
P25325,224
P25445,193
P25705,123
P25774,239
P25786,189
P25786,41
P25787,53
P25787,92
P25789,205
P25789,210
P25874,257
P25940,1399
P26006,786
P26038,360
P26038,388
P26038,412
P26038,538
P26232,268
P26374,236
P26447,28
P26447,35
P26572,408
P26599,398
P26639,231
P26639,234
P26927,143
P27105,158
P27105,188
P27105,195
P27105,198
P27105,220
P27105,235
P27105,263
P27105,77
P27105,93
P27144,201
P27169,138
P27169,145
P27169,157
P27169,244
P27169,349
P27169,75
P27169,84
P27338,81
P27348,49
P27449,36
P27487,513
P27487,589
P27658,101
P27797,143
P27797,151
P27797,153
P27797,159
P27797,224
P27797,48
P27797,55
P27797,64
P27824,118
P27824,170
P27824,227
P27824,382
P27918,333
P27918,66
P28066,52
P28289,191
P28289,214
P28289,221
P28289,228
P28289,249
P28289,255
P28289,286
P28289,297
P28289,308
P28289,314
P28330,66
P28331,87
P28482,285
P28482,99
P28566,258
P28845,247
P29083,296
P29122,573
P29144,1204
P29144,708
P29144,883
P29374,868
P29400,1008
P29400,1496
P29400,748
P29400,966
P29401,232
P29475,861
P29622,150
P29622,231
P29622,271
P29622,285
P29622,312
P29622,313
P29622,344
P29622,365
P29622,386
P29803,275
P29973,605
P29992,252
P30040,182
P30101,104
P30101,130
P30101,152
P30101,226
P30101,289
P30101,366
P30101,422
P30153,133
P30153,561
P30304,95
P30519,264
P30519,274
P30556,230
P30838,214
P31040,517
P31040,538
P31146,449
P31512,280
P31629,1541
P31629,1555
P31641,43
P31930,102
P31930,85
P31946,51
P31947,124
P32019,661
P32119,119
P32119,135
P32119,16
P32119,26
P32119,29
P32322,47
P32780,504
P32926,440
P32926,448
P33151,197
P33151,213
P33241,293
P33241,294
P33527,908
P33908,141
P33908,225
P33908,304
P33908,435
P33981,710
P33981,714
P34897,461
P34932,272
P34949,412
P35052,338
P35221,704
P35241,79
P35247,213
P35247,216
P35251,638
P35318,33
P35523,346
P35527,212
P35527,224
P35542,107
P35542,128
P35542,26
P35542,74
P35555,1300
P35568,56
P35568,844
P35573,1303
P35573,1330
P35573,1337
P35579,1022
P35579,1099
P35579,1219
P35579,1234
P35579,1240
P35579,1352
P35579,1357
P35579,1370
P35579,1404
P35579,1454
P35579,1492
P35579,1513
P35579,1802
P35579,1815
P35579,966
P35579,989
P35579,994
P35579,995
P35580,1181
P35590,399
P35611,140
P35611,143
P35611,235
P35612,173
P35612,595
P35613,179
P35613,187
P35613,227
P35626,628
P35626,644
P35626,652
P35658,1059
P35670,866
P35716,140
P35716,158
P35749,594
P35749,685
P35754,20
P35754,77
P35858,234
P35858,266
P35858,311
P35858,459
P36406,417
P36406,423
P36551,104
P36888,466
P36888,470
P36955,123
P36955,146
P36955,147
P36955,151
P36955,160
P36955,197
P36955,225
P36955,248
P36955,306
P36955,316
P36955,318
P36955,327
P36955,333
P36955,345
P36955,349
P36955,352
P36955,411
P36955,48
P36955,53
P36957,277
P36957,286
P37058,202
P37288,409
P37288,412
P37837,130
P37837,215
P37837,258
P37837,286
P37840,45
P38606,580
P38919,19
P38919,321
P38935,585
P39023,366
P39023,385
P39748,8
P40189,660
P40197,109
P40222,384
P40227,127
P40227,129
P40227,287
P40227,317
P40227,377
P40227,388
P40306,219
P40306,223
P40306,37
P40692,461
P40855,138
P40879,276
P40925,142
P40925,248
P41091,285
P41208,100
P41208,103
P41236,103
P41236,113
P41250,426
P41250,501
P41252,298
P41440,237
P42224,511
P42224,525
P42263,523
P42285,549
P42336,941
P42336,942
P42356,1351
P42356,927
P42356,929
P42356,942
P42681,337
P42684,658
P42695,1155
P42772,29
P43121,217
P43121,236
P43246,90
P43251,176
P43353,360
P43358,133
P43361,135
P43366,35
P43652,130
P43652,147
P43652,198
P43652,214
P43652,221
P43652,283
P43652,291
P43652,319
P43652,324
P43652,332
P43652,353
P43652,378
P43652,417
P43652,424
P43652,428
P43652,500
P43652,514
P43652,546
P43652,558
P43652,596
P43652,65
P43652,68
P43652,74
P43652,88
P43652,97
P43686,212
P45379,185
P45379,186
P45983,288
P46013,1671
P46013,2240
P46013,2822
P46013,2826
P46013,3189
P46019,101
P46019,103
P46019,707
P46019,721
P46019,98
P46020,1205
P46100,1830
P46100,330
P46100,354
P46100,355
P46379,1052
P46459,293
P46597,107
P46776,59
P46821,555
P46821,631
P46939,1919
P46939,2573
P46939,561
P46940,1445
P46976,342
P46976,344
P47755,147
P47756,95
P47869,231
P47869,247
P48052,349
P48058,386
P48058,848
P48169,487
P48169,517
P48426,395
P48426,73
P48426,89
P48443,357
P48553,1205
P48556,297
P48556,298
P48556,304
P48594,124
P48594,125
P48594,189
P48594,327
P48637,12
P48637,443
P48643,170
P48643,42
P48723,269
P48729,152
P48736,980
P48740,318
P48740,337
P48740,515
P49221,175
P49281,206
P49281,230
P49326,411
P49419,17
P49441,115
P49454,2727
P49454,2739
P49588,366
P49589,503
P49643,314
P49643,335
P49675,155
P49703,59
P49720,17
P49720,77
P49721,29
P49753,260
P49755,133
P49755,145
P49755,75
P49755,87
P49756,722
P49770,237
P49770,259
P49770,273
P49790,194
P49796,1029
P49796,243
P49815,574
P49841,27
P49848,191
P49863,101
P49863,127
P49916,463
P50213,339
P50213,343
P50219,322
P50222,263
P50222,264
P50281,173
P50395,293
P50395,379
P50416,285
P50416,403
P50440,392
P50461,42
P50542,300
P50552,240
P50552,252
P50553,100
P50579,278
P50579,281
P50579,289
P50579,318
P50895,146
P50895,458
P50990,37
P50990,440
P51003,475
P51157,181
P51398,298
P51508,174
P51522,486
P51523,494
P51532,1027
P51587,1015
P51587,513
P51635,141
P51635,153
P51635,23
P51635,68
P51635,85
P51654,294
P51659,46
P51665,214
P51687,494
P51687,509
P51689,378
P51689,381
P51693,516
P51693,539
P51797,679
P51813,610
P51813,624
P51816,1190
P51816,1195
P51825,879
P51858,21
P51858,39
P51858,44
P51884,114
P51884,116
P51884,148
P51884,172
P51884,181
P51884,184
P51884,216
P51884,226
P51884,267
P51884,288
P51884,292
P51884,296
P51884,305
P51884,307
P51884,69
P51957,584
P52179,959
P52209,377
P52306,409
P52306,412
P52565,138
P52565,167
P52566,124
P52566,164
P52701,854
P52742,585
P52744,164
P52756,800
P52789,146
P52789,147
P52799,163
P52824,909
P52907,230
P52948,595
P53350,475
P53350,492
P53367,118
P53396,177
P53618,128
P53634,462
P53675,603
P53675,764
P53990,134
P54071,251
P54108,24
P54108,45
P54132,418
P54274,258
P54274,267
P54277,378
P54277,51
P54277,72
P54652,160
P54707,516
P54707,523
P54725,29
P54750,137
P54762,124
P54762,136
P54802,465
P55061,15
P55072,529
P55081,357
P55103,54
P55160,365
P55196,1337
P55211,410
P55291,114
P55317,270
P55773,25
P55795,68
P55884,213
P55884,216
P56192,431
P56381,37
P56556,83
P57076,140
P57087,170
P57087,275
P58107,1810
P58107,1846
P58215,389
P58397,1058
P58397,1556
P58418,35
P59044,119
P59044,413
P59047,165
P59047,543
P59047,664
P59047,811
P59910,176
P59910,178
P59910,185
P60174,106
P60174,186
P60174,225
P60709,113
P60709,191
P60709,215
P60709,291
P60709,315
P60709,326
P60709,50
P60709,61
P60709,68
P60709,84
P60842,309
P60900,171
P61011,438
P61011,442
P61088,74
P61129,1027
P61160,53
P61201,48
P61201,64
P61224,128
P61224,5
P61296,172
P61296,173
P61366,79
P61366,80
P61565,53
P61576,38
P61601,63
P61758,59
P61769,111
P61769,114
P61769,26
P61769,39
P61769,61
P61769,68
P61769,78
P61952,61
P61981,28
P62158,95
P62258,118
P62258,142
P62328,19
P62328,20
P62328,26
P62328,32
P62328,39
P62333,206
P62491,179
P62633,136
P62684,498
P62736,70
P62736,86
P62760,18
P62760,7
P62820,198
P62826,60
P62917,119
P62917,93
P62937,28
P62937,31
P62942,48
P63010,36
P63096,279
P63096,280
P63104,212
P63104,27
P63104,68
P63128,907
P67812,15
P67936,132
P67936,169
P67936,223
P67936,44
P68032,86
P68036,73
P68104,129
P68133,293
P68400,68
P68871,121
P68871,133
P68871,145
P68871,18
P68871,60
P68871,62
P68871,67
P68871,83
P68871,9
P68871,96
P69849,762
P69849,770
P69849,798
P69891,121
P69891,67
P69891,9
P69892,133
P69905,100
P69905,12
P69905,128
P69905,140
P69905,17
P69905,41
P69905,57
P69905,61
P69905,62
P69905,8
P69905,91
P78312,1157
P78312,1158
P78344,321
P78344,332
P78363,932
P78364,763
P78417,152
P78527,133
P78559,1427
P78559,1434
P80108,195
P80108,559
P80108,764
P80303,90
P80404,284
P80404,285
P80404,311
P81133,351
P81133,369
P81877,21
P82094,1040
P82251,464
P82979,151
P82987,213
P82987,888
P82987,890
P83105,438
P83916,9
P98088,504
P98161,2685
P98170,396
P98175,464
Q00005,305
Q00013,180
Q00013,185
Q00013,197
Q00013,283
Q00013,299
Q00013,309
Q00013,374
Q00013,445
Q00059,76
Q00341,159
Q00526,200
Q00535,104
Q00587,117
Q00610,1215
Q00610,881
Q00653,252
Q00722,1132
Q00722,168
Q00796,78
Q00872,105
Q00872,96
Q00973,104
Q00973,95
Q01082,102
Q01082,976
Q01167,245
Q01201,256
Q01433,187
Q01459,111
Q01484,206
Q01518,60
Q01518,81
Q01546,307
Q01668,47
Q01813,15
Q01954,539
Q01954,545
Q02094,321
Q02161,264
Q02221,17
Q02386,64
Q02386,81
Q02388,2565
Q02388,2571
Q02543,128
Q02763,1100
Q02790,108
Q02790,83
Q02790,88
Q02818,446
Q02818,447
Q03001,1433
Q03001,348
Q03001,364
Q03001,403
Q03001,4223
Q03001,4339
Q03001,6752
Q03001,6757
Q03112,432
Q03164,2790
Q03164,2818
Q03468,725
Q03692,265
Q03692,300
Q03692,307
Q03692,333
Q03692,349
Q03701,160
Q03936,470
Q04656,1072
Q04656,849
Q04726,343
Q04727,231
Q04727,233
Q04741,204
Q05193,393
Q05823,631
Q05BQ5,71
Q05BV3,1322
Q05C16,463
Q05D32,103
Q05D32,125
Q05D32,275
Q05D32,281
Q05DH4,1015
Q06033,117
Q06033,123
Q06033,134
Q06033,161
Q06033,164
Q06033,166
Q06033,172
Q06033,176
Q06033,221
Q06033,227
Q06033,304
Q06033,352
Q06033,357
Q06033,407
Q06033,49
Q06033,516
Q06033,520
Q06033,537
Q06033,541
Q06033,605
Q06033,75
Q06187,26
Q06187,36
Q06190,522
Q06203,403
Q06278,34
Q06278,971
Q06323,13
Q06546,428
Q06547,381
Q06830,120
Q06830,16
Q07002,162
Q07092,1382
Q07283,106
Q07817,87
Q07866,309
Q07954,2143
Q07954,2210
Q08188,643
Q08188,652
Q08211,33
Q08257,116
Q08378,1109
Q08378,820
Q08378,840
Q08380,225
Q08380,229
Q08380,441
Q08426,171
Q08426,681
Q08495,42
Q08554,804
Q08722,130
Q08722,85
Q08722,93
Q08AD1,714
Q08AD1,722
Q08AF3,477
Q08AG5,455
Q08AG5,464
Q08AG5,483
Q08AH1,253
Q08AH1,385
Q08ER8,149
Q08ER8,166
Q08J23,88
Q09666,1005
Q09666,1024
Q09666,1033
Q09666,2449
Q09666,3356
Q09666,3478
Q09666,5629
Q09666,5655
Q09666,756
Q09666,848
Q09666,912
Q09666,928
Q0VDF9,402
Q0ZLH3,153
Q10469,416
Q10570,340
Q10571,902
Q10587,205
Q10713,483
Q10713,488
Q10713,513
Q11201,210
Q12756,1285
Q12756,1297
Q12756,880
Q12768,950
Q12792,98
Q12798,54
Q12802,768
Q12802,771
Q12830,1209
Q12830,1215
Q12830,1219
Q12830,1226
Q12830,1579
Q12830,1584
Q12830,1669
Q12830,1697
Q12830,1706
Q12840,618
Q12849,340
Q12851,467
Q12860,105
Q12860,700
Q12860,756
Q12874,97
Q12884,510
Q12884,532
Q12905,141
Q12906,100
Q12907,303
Q12912,282
Q12913,903
Q12955,1270
Q12959,321
Q12959,327
Q12959,370
Q12959,392
Q12979,593
Q13002,170
Q13011,267
Q13011,276
Q13023,1024
Q13023,1025
Q13023,2276
Q13023,2290
Q13029,1702
Q13029,1704
Q13033,618
Q13033,629
Q13033,630
Q13061,462
Q13061,465
Q13075,286
Q13075,301
Q13075,569
Q13087,396
Q13087,422
Q13094,468
Q13094,478
Q13099,245
Q13111,379
Q13131,23
Q13153,299
Q13162,78
Q13163,146
Q13201,882
Q13206,62
Q13228,279
Q13228,397
Q13291,77
Q13315,1656
Q13315,1972
Q13315,1992
Q13330,462
Q13330,596
Q13394,107
Q13395,282
Q13402,1486
Q13426,169
Q13426,178
Q13427,382
Q13428,1238
Q13428,367
Q13428,786
Q13428,791
Q13439,1118
Q13439,1133
Q13451,208
Q13459,378
Q13459,385
Q13464,1220
Q13464,770
Q13492,24
Q13492,38
Q13492,39
Q13506,333
Q13508,50
Q13509,216
Q13509,252
Q13516,148
Q13516,69
Q13523,942
Q13535,2023
Q13561,146
Q13561,156
Q13561,175
Q13568,85
Q13569,184
Q13576,227
Q13576,948
Q13576,966
Q13615,311
Q13617,650
Q13617,677
Q13619,359
Q13619,369
Q13753,158
Q13797,545
Q13813,1485
Q13813,1828
Q13823,104
Q13823,94
Q13867,68
Q13882,240
Q14004,294
Q14012,49
Q14093,276
Q14093,285
Q14118,95
Q14123,596
Q14126,180
Q14137,614
Q14151,432
Q14156,327
Q14157,102
Q14157,103
Q14157,121
Q14185,253
Q14204,2183
Q14204,2184
Q14204,2206
Q14204,323
Q14204,3284
Q14204,337
Q14204,4154
Q14207,426
Q14241,386
Q14247,379
Q14254,160
Q14254,205
Q14254,211
Q14254,223
Q14254,233
Q14254,305
Q14254,307
Q14254,318
Q14254,321
Q14254,335
Q14254,342
Q14254,344
Q14254,350
Q14254,356
Q14254,370
Q14254,390
Q14315,953
Q14315,968
Q14324,535
Q14324,561
Q14432,947
Q14515,159
Q14520,372
Q14520,397
Q14520,418
Q14520,432
Q14520,555
Q14524,1419
Q14527,355
Q14549,260
Q14558,176
Q14562,612
Q14566,796
Q14571,109
Q14573,1312
Q14584,136
Q14584,163
Q14624,111
Q14624,113
Q14624,119
Q14624,151
Q14624,162
Q14624,170
Q14624,216
Q14624,224
Q14624,281
Q14624,299
Q14624,30
Q14624,336
Q14624,487
Q14624,496
Q14624,626
Q14624,633
Q14624,636
Q14624,75
Q14624,777
Q14624,813
Q14624,815
Q14624,831
Q14643,981
Q14651,471
Q14651,473
Q14667,1847
Q14667,898
Q14669,799
Q14683,648
Q14689,962
Q14690,1657
Q14690,740
Q14692,333
Q14697,899
Q14699,509
Q14739,409
Q14764,723
Q14773,132
Q14773,145
Q14789,1711
Q14790,148
Q14831,447
Q14831,450
Q14831,788
Q14831,817
Q14832,757
Q14839,1865
Q14839,577
Q14865,278
Q14865,49
Q14865,536
Q14865,551
Q14929,10
Q14966,1345
Q14966,371
Q14974,403
Q14980,1059
Q14980,1062
Q14993,363
Q14993,375
Q14993,378
Q14993,404
Q14995,142
Q14997,850
Q149M9,1195
Q149N8,1176
Q149N8,1647
Q149N8,242
Q149N8,243
Q14C86,246
Q14C86,964
Q14CX5,396
Q14D04,805
Q14D04,822
Q15005,173
Q15005,182
Q15007,98
Q15020,223
Q15020,246
Q15020,491
Q15020,506
Q15024,260
Q15025,341
Q15040,30
Q15043,267
Q15043,276
Q15058,727
Q15061,165
Q15063,497
Q15075,948
Q15075,965
Q15084,245
Q15084,73
Q15111,577
Q15111,593
Q15116,131
Q15147,1010
Q15147,1012
Q15147,1066
Q15149,2078
Q15149,2450
Q15149,3373
Q15173,233
Q15256,265
Q15262,262
Q15269,878
Q15276,199
Q15276,201
Q15276,208
Q15311,308
Q15363,117
Q15365,23
Q15382,109
Q15392,496
Q15392,509
Q15404,155
Q15404,174
Q15417,172
Q15417,53
Q15431,157
Q15431,161
Q15431,339
Q15431,359
Q15436,409
Q15464,187
Q15493,106
Q15528,38
Q15528,41
Q15542,440
Q15545,154
Q15555,271
Q15582,127
Q15582,219
Q15582,287
Q15582,421
Q15582,441
Q15582,447
Q15582,53
Q15582,655
Q15643,1280
Q15643,840
Q15648,1095
Q15648,170
Q15648,172
Q15744,185
Q15744,195
Q15744,197
Q15746,521
Q15751,1877
Q15772,403
Q15777,124
Q15825,194
Q15833,213
Q15833,225
Q15833,381
Q15848,134
Q15849,513
Q15849,531
Q15858,1929
Q15858,1979
Q15878,1894
Q15916,68
Q16099,114
Q16099,120
Q16099,205
Q16281,596
Q16478,781
Q16513,928
Q16534,262
Q16586,193
Q16610,100
Q16610,234
Q16635,37
Q16650,522
Q16665,769
Q16666,26
Q16706,716
Q16760,132
Q16787,2050
Q16787,3000
Q16798,270
Q16825,10
Q16825,8
Q16851,291
Q16890,70
Q17R98,742
Q17R98,981
Q17RD7,629
Q17RD7,632
Q1ED39,189
Q1MX18,83
Q29980,333
Q29RF7,1052
Q29RF7,1058
Q2KHM9,623
Q2KHR2,160
Q2KHR2,176
Q2KHR2,198
Q2KHR3,1378
Q2KHR3,1393
Q2KHT3,199
Q2LD37,2868
Q2M1K9,1267
Q2M2I5,194
Q2M3M2,620
Q2M3M2,642
Q2NKJ3,343
Q2NKX8,300
Q2PPJ7,476
Q2PPJ7,802
Q2T9L4,172
Q2TAC6,193
Q2TAC6,201
Q2TAK8,173
Q2TAL6,105
Q2TAL6,92
Q2TB90,557
Q2TB90,898
Q2UY09,556
Q2VY69,195
Q2YD98,368
Q2YD98,377
Q32M45,39
Q32M84,149
Q32MH5,307
Q32MH5,327
Q32MK0,372
Q32MQ0,399
Q32MQ0,436
Q32MZ4,90
Q32P28,155
Q38SD2,1278
Q38SD2,1299
Q3B7T1,652
Q3B7T1,660
Q3B7T1,666
Q3B820,594
Q3B820,605
Q3KNS6,32
Q3KR37,44
Q3L8U1,1885
Q3L8U1,2850
Q3MIN7,533
Q3MIT2,273
Q3MJ13,823
Q3MJ13,855
Q3MJ40,191
Q3MJ40,243
Q3MJ40,247
Q3MJ40,441
Q3MJ40,452
Q3SXY8,387
Q3SXY8,64
Q3SY89,29
Q3SYG4,58
Q3T8J9,242
Q3T8J9,309
Q3T8J9,324
Q3T906,640
Q3V5L5,275
Q3V5L5,73
Q3V5L5,83
Q3YEC7,138
Q460N5,1296
Q460N5,1320
Q460N5,1321
Q496Y0,412
Q49AJ0,1178
Q49AM3,171
Q4FZB7,778
Q4FZB7,782
Q4G0J3,396
Q4G0J3,403
Q4G0J3,404
Q4G0P3,1781
Q4G0P3,2274
Q4G0X9,23
Q4G0Z9,542
Q4JDL3,117
Q4L180,572
Q4LE39,887
Q4U2R8,321
Q4V348,789
Q4VCS5,763
Q502W6,765
Q52LC2,193
Q52LC2,201
Q52LW3,1224
Q53FD0,265
Q53G44,389
Q53GQ0,64
Q53GQ0,72
Q53GS7,204
Q53GS7,206
Q53H96,218
Q53HI1,71
Q53HI1,74
Q53LP3,217
Q53S48,300
Q53S48,8
Q569H4,105
Q569H4,94
Q569H4,96
Q58EX2,1971
Q58FF6,467
Q58FF7,183
Q58FF7,202
Q58G82,148
Q58G82,171
Q5EBL2,573
Q5FVE4,344
Q5FVE4,355
Q5FVE4,359
Q5FWF4,140
Q5FWF4,362
Q5FWF5,398
Q5GAN6,128
Q5GFL6,64
Q5H9R7,474
Q5H9T9,224
Q5H9U9,1266
Q5H9U9,460
Q5HY64,115
Q5HYC2,2045
Q5JNZ3,190
Q5JPF3,594
Q5JPF3,605
Q5JRA6,1233
Q5JRA6,1284
Q5JRA6,1760
Q5JRX3,550
Q5JRX3,561
Q5JS13,339
Q5JSZ5,1530
Q5JTW2,63
Q5JUW0,97
Q5JV73,1511
Q5JVG2,615
Q5JWF2,981
Q5JX69,101
Q5JY77,638
Q5JY77,649
Q5K4L6,66
Q5KU26,466
Q5QJ74,44
Q5QJ74,67
Q5R372,159
Q5R372,780
Q5R372,787
Q5S007,486
Q5SR53,143
Q5SRD0,293
Q5SRE5,574
Q5SRN2,76
Q5SRN2,92
Q5SSJ5,330
Q5SSJ5,357
Q5ST30,79
Q5SW79,522
Q5SW79,895
Q5SXH7,37
Q5SXH7,5
Q5SYB0,333
Q5SYB0,350
Q5SZJ8,215
Q5SZK8,1427
Q5SZL2,537
Q5T0U0,145
Q5T0U0,155
Q5T160,71
Q5T1C6,237
Q5T1J6,30
Q5T1M5,870
Q5T1Q4,305
Q5T1R4,1645
Q5T1V6,324
Q5T3I0,121
Q5T3J3,308
Q5T3J3,319
Q5T4B2,486
Q5T4D3,490
Q5T4D3,495
Q5T4S7,1696
Q5T4S7,2399
Q5T4S7,2400
Q5T5U3,1761
Q5T5U3,1763
Q5T5U3,921
Q5T5U3,933
Q5T6C5,54
Q5T6C5,55
Q5T7N2,228
Q5T7N2,258
Q5T7N2,571
Q5T7N2,84
Q5T7W7,26
Q5T9S5,724
Q5T9Z0,57
Q5TA45,462
Q5TA77,15
Q5TA77,24
Q5TAP6,208
Q5TAX3,1136
Q5TAX3,56
Q5TAX3,57
Q5TAX3,59
Q5TB80,467
Q5TB80,484
Q5TCS8,641
Q5TD94,651
Q5TEA6,525
Q5TEJ8,511
Q5TEJ8,513
Q5TGI4,168
Q5TH69,1404
Q5THJ4,1703
Q5THJ4,195
Q5THJ4,2057
Q5THK1,534
Q5TZA2,1390
Q5U5R9,595
Q5U5R9,600
Q5UIP0,1591
Q5VST9,2515
Q5VST9,3700
Q5VST9,6903
Q5VST9,7110
Q5VT06,2667
Q5VT25,716
Q5VT25,720
Q5VT25,734
Q5VT52,468
Q5VT52,494
Q5VT97,919
Q5VT97,923
Q5VTH9,93
Q5VTJ3,286
Q5VTJ3,288
Q5VTL8,105
Q5VTM2,91
Q5VTR2,856
Q5VTR2,914
Q5VTT5,730
Q5VU43,1266
Q5VU57,107
Q5VU57,41
Q5VU57,467
Q5VU65,1708
Q5VU69,20
Q5VU69,21
Q5VU97,1092
Q5VUJ6,702
Q5VUJ6,707
Q5VV42,576
Q5VV67,1211
Q5VVJ2,179
Q5VVM6,35
Q5VVW2,868
Q5VVW2,874
Q5VW32,155
Q5VW36,1104
Q5VW38,435
Q5VWN6,760
Q5VWW1,235
Q5VYS8,1316
Q5VYS8,1320
Q5VYS8,1325
Q5VZ89,1013
Q5VZM2,8
Q5W041,44
Q5W041,51
Q5W041,803
Q5W0A0,567
Q5W0B1,710
Q5XKP0,14
Q5XKR4,82
Q5XLA6,53
Q5XLA6,64
Q5XPI4,814
Q5XXA6,237
Q63HK5,569
Q63HM2,556
Q63HN8,1404
Q63HN8,1405
Q63HN8,4796
Q641Q2,602
Q641Q2,610
Q64LD2,274
Q658Y4,183
Q66K14,461
Q674X7,101
Q674X7,110
Q674X7,565
Q687X5,187
Q687X5,191
Q68CK6,374
Q68CP9,1813
Q68CQ1,1066
Q68CQ1,1070
Q68D10,241
Q68D10,244
Q68DA7,578
Q68DA7,583
Q68DC2,301
Q68DC2,309
Q68DI1,220
Q68DN1,1200
Q68DN1,1202
Q68DU8,383
Q6A163,213
Q6A163,224
Q6AHZ1,101
Q6AHZ1,1397
Q6AHZ1,1405
Q6AWC2,142
Q6AWC2,915
Q6BDS2,396
Q6BDS2,404
Q6DKI1,226
Q6E0U4,57
Q6ECI4,126
Q6EMB2,384
Q6EMK4,612
Q6EMK4,628
Q6EMK4,636
Q6GMV2,178
Q6GPH4,140
Q6H9L7,319
Q6IAN0,285
Q6IB77,127
Q6IB77,149
Q6IE81,727
Q6IE81,736
Q6IE81,746
Q6IEE8,562
Q6IEG0,104
Q6IMI6,99
Q6IQ16,387
Q6IQ26,1156
Q6IQ55,875
Q6JQN1,987
Q6KC79,1261
Q6KC79,1264
Q6KC79,2235
Q6KCM7,260
Q6KCM7,268
Q6KF10,158
Q6MZW2,131
Q6MZW2,136
Q6N022,2179
Q6N022,37
Q6NSJ0,461
Q6NSJ2,263
Q6NSJ5,771
Q6NT55,318
Q6NUM9,330
Q6NUM9,337
Q6NUM9,338
Q6NW34,253
Q6NXG1,322
Q6NXP0,567
Q6NXS1,67
Q6NXT6,272
Q6NYC8,50
Q6NZY4,655
Q6P0N0,324
Q6P0N0,337
Q6P0N0,341
Q6P1K1,69
Q6P1K8,132
Q6P1N9,27
Q6P1R3,139
Q6P1R4,294
Q6P1R4,296
Q6P1R4,372
Q6P3X8,365
Q6P4E1,227
Q6P4E1,354
Q6P4Q7,356
Q6P6B7,169
Q6P6C2,274
Q6P9B6,43
Q6P9B6,48
Q6P9F0,185
Q6P9F0,380
Q6PCB6,32
Q6PI98,141
Q6PI98,158
Q6PIJ6,27
Q6PIJ6,59
Q6PIJ6,686
Q6PIU2,167
Q6PIU2,359
Q6PJG2,897
Q6PJI9,155
Q6PJI9,158
Q6PJP8,552
Q6PJP8,568
Q6PKC3,567
Q6PKG0,482
Q6PL18,926
Q6PP77,125
Q6PP77,126
Q6PP77,268
Q6PP77,287
Q6PRD1,1227
Q6Q4G3,291
Q6QNY1,47
Q6QNY1,64
Q6QNY1,81
Q6RVD6,50
Q6S5H4,367
Q6S5H4,380
Q6T423,309
Q6T423,321
Q6TGC4,204
Q6UB35,413
Q6UB35,429
Q6URK8,145
Q6UVM3,717
Q6UW63,108
Q6UWE0,522
Q6UWM7,220
Q6UWM7,228
Q6UWM7,235
Q6UWP2,37
Q6UWP7,150
Q6UWP7,174
Q6UX06,477
Q6UX71,260
Q6UXB8,136
Q6UXB8,340
Q6UXZ4,466
Q6UXZ4,482
Q6V0I7,4389
Q6V1P9,2495
Q6V1P9,700
Q6VAB6,329
Q6VMQ6,89
Q6VVX0,338
Q6W4X9,33
Q6W4X9,42
Q6WCQ1,976
Q6WRI0,1229
Q6WRI0,1237
Q6XYQ8,87
Q6YN16,220
Q6ZMT4,787
Q6ZMV5,773
Q6ZMV5,807
Q6ZMV9,435
Q6ZMV9,436
Q6ZMV9,579
Q6ZMW3,558
Q6ZN16,173
Q6ZN66,620
Q6ZN66,627
Q6ZN84,362
Q6ZNB6,146
Q6ZNB6,168
Q6ZNE5,145
Q6ZP01,769
Q6ZP82,616
Q6ZP82,635
Q6ZP82,643
Q6ZQQ2,1129
Q6ZQQ6,1622
Q6ZQQ6,2418
Q6ZQX7,49
Q6ZR08,2899
Q6ZR08,608
Q6ZRF8,212
Q6ZRK6,746
Q6ZRP7,354
Q6ZRP7,362
Q6ZRR7,269
Q6ZRR7,945
Q6ZRV2,711
Q6ZS17,1027
Q6ZSI9,234
Q6ZSZ6,517
Q6ZT98,376
Q6ZTQ4,810
Q6ZTR5,48
Q6ZTZ1,77
Q6ZU15,337
Q6ZUS5,101
Q6ZUS6,452
Q6ZV73,958
Q6ZV73,959
Q709C8,2841
Q70CQ1,609
Q70CQ2,1968
Q70CQ2,1977
Q70CQ2,2250
Q70CQ2,2272
Q70CQ3,60
Q70CQ3,61
Q70CQ4,440
Q70EL1,1029
Q70YC5,207
Q71F78,127
Q71RC2,476
Q75N90,2025
Q75QN2,101
Q75QN2,120
Q75QN2,126
Q75QN2,369
Q75V66,579
Q765P7,115
Q76KX8,645
Q76KX8,654
Q76NI1,1519
Q7KYR7,173
Q7KYR7,190
Q7L014,604
Q7L014,828
Q7L0Y3,150
Q7L0Y3,153
Q7L0Y3,161
Q7L1I2,147
Q7L273,331
Q7L273,34
Q7L273,38
Q7L2E3,54
Q7L3B6,133
Q7L3B6,138
Q7L4E1,96
Q7L592,307
Q7L592,318
Q7L5Y6,316
Q7L622,252
Q7L7X3,429
Q7LBR1,87
Q7RTP6,1695
Q7RTT9,474
Q7RTY7,330
Q7Z2D5,407
Q7Z2W7,382
Q7Z2W7,395
Q7Z2X4,120
Q7Z2Y8,651
Q7Z2Z1,672
Q7Z309,165
Q7Z398,322
Q7Z3T8,1452
Q7Z3T8,1476
Q7Z406,934
Q7Z410,379
Q7Z410,728
Q7Z417,320
Q7Z417,322
Q7Z417,330
Q7Z494,1192
Q7Z4L5,1136
Q7Z4L5,1154
Q7Z4S6,119
Q7Z4S6,851
Q7Z569,78
Q7Z589,610
Q7Z589,620
Q7Z5L2,229
Q7Z5L2,238
Q7Z5L2,32
Q7Z5L3,267
Q7Z5M5,452
Q7Z5M8,159
Q7Z5M8,162
Q7Z601,354
Q7Z695,423
Q7Z6G8,207
Q7Z6G8,724
Q7Z6G8,733
Q7Z6G8,750
Q7Z6J0,24
Q7Z6J4,392
Q7Z6R9,315
Q7Z6Z7,1715
Q7Z6Z7,1718
Q7Z6Z7,1741
Q7Z6Z7,4221
Q7Z7G0,5
Q7Z7G8,2586
Q7Z7L7,433
Q7Z7M9,349
Q86SQ7,468
Q86SQ7,473
Q86T65,778
Q86T82,251
Q86T82,564
Q86T90,555
Q86TB3,1760
Q86TB3,1771
Q86TB3,1775
Q86TB3,2087
Q86TL0,241
Q86TM3,584
Q86TZ1,343
Q86U17,136
Q86U86,511
Q86UK0,104
Q86UK5,433
Q86UP0,105
Q86UP2,64
Q86UQ4,3107
Q86UR5,610
Q86UV5,282
Q86UW8,279
Q86V15,311
Q86V25,293
Q86V25,296
Q86VB7,882
Q86VD1,104
Q86VD1,112
Q86VD1,665
Q86VD1,774
Q86VE0,62
Q86VF7,1104
Q86VF7,1105
Q86VI3,1128
Q86VP3,413
Q86VP6,355
Q86VP6,801
Q86VQ3,19
Q86VQ3,5
Q86VR7,231
Q86VY4,169
Q86VY9,15
Q86W25,856
Q86W25,866
Q86W26,556
Q86W28,478
Q86WI1,1298
Q86WI3,200
Q86WR0,115
Q86WR0,125
Q86WT1,557
Q86WT1,576
Q86X10,872
Q86X10,874
Q86X27,572
Q86X45,224
Q86XA9,1251
Q86XA9,1252
Q86XA9,1642
Q86XA9,1644
Q86XD8,184
Q86XE0,100
Q86XE0,103
Q86XE0,288
Q86XE0,304
Q86XM0,455
Q86XM0,478
Q86XR8,467
Q86XX4,3543
Q86Y38,518
Q86YA3,1463
Q86YC2,73
Q86YC2,75
Q86YP4,633
Q86YS3,280
Q86YT6,949
Q86YT6,958
Q86YW0,85
Q8HWS3,258
Q8HWS3,260
Q8IU60,312
Q8IUC4,88
Q8IUD2,643
Q8IUD2,655
Q8IUE0,22
Q8IUG5,1649
Q8IUG5,1825
Q8IUR6,216
Q8IUR6,493
Q8IUY3,277
Q8IVF2,1167
Q8IVF2,1192
Q8IVF2,1903
Q8IVF2,1908
Q8IVF2,3337
Q8IVF2,636
Q8IVF2,839
Q8IVF4,3121
Q8IVF4,3139
Q8IVF6,769
Q8IVG5,1095
Q8IVG5,1097
Q8IVG5,397
Q8IVJ1,92
Q8IVL0,1917
Q8IVL1,1329
Q8IVL1,1332
Q8IVL1,1513
Q8IVT5,169
Q8IVT5,178
Q8IVU1,236
Q8IVU9,23
Q8IVW4,246
Q8IW35,557
Q8IW41,257
Q8IW41,278
Q8IW75,175
Q8IWA4,608
Q8IWA6,200
Q8IWB6,431
Q8IWC1,639
Q8IWD4,85
Q8IWI9,1350
Q8IWJ2,1136
Q8IWJ2,1149
Q8IWJ2,1150
Q8IWJ2,1175
Q8IWJ2,764
Q8IWJ2,792
Q8IWL3,182
Q8IWL3,189
Q8IWL3,191
Q8IWU9,54
Q8IWU9,71
Q8IWV1,360
Q8IWV2,226
Q8IWV2,239
Q8IWV2,244
Q8IWY4,572
Q8IWZ5,366
Q8IWZ5,411
Q8IWZ5,419
Q8IX12,1113
Q8IX19,173
Q8IX19,180
Q8IX30,395
Q8IX90,205
Q8IXF0,482
Q8IXF0,486
Q8IXH8,143
Q8IXL6,264
Q8IXQ4,153
Q8IXQ4,166
Q8IXQ5,509
Q8IXS0,50
Q8IXT1,947
Q8IY17,893
Q8IY18,895
Q8IY21,1077
Q8IY22,646
Q8IY33,419
Q8IY33,445
Q8IY42,144
Q8IY47,255
Q8IY57,131
Q8IY92,1575
Q8IY92,1576
Q8IY92,176
Q8IY95,211
Q8IYB1,314
Q8IYB8,409
Q8IYB8,410
Q8IYB8,445
Q8IYD8,1717
Q8IYD9,166
Q8IYD9,179
Q8IYE1,392
Q8IYF1,410
Q8IYH5,822
Q8IYJ1,132
Q8IYL3,60
Q8IYL3,63
Q8IYQ7,713
Q8IYT1,341
Q8IYT3,267
Q8IYT3,634
Q8IYV9,62
Q8IYW2,2197
Q8IYW2,2689
Q8IYW5,389
Q8IYW5,399
Q8IYX8,137
Q8IZ21,97
Q8IZ69,264
Q8IZF6,1267
Q8IZF6,1621
Q8IZF6,29
Q8IZH2,159
Q8IZH2,586
Q8IZH2,587
Q8IZH2,772
Q8IZI9,70
Q8IZJ3,1787
Q8IZQ1,471
Q8IZQ1,488
Q8IZY2,127
Q8J025,454
Q8N0V3,73
Q8N0Z2,328
Q8N111,33
Q8N111,38
Q8N118,161
Q8N119,528
Q8N129,114
Q8N139,1338
Q8N140,204
Q8N140,207
Q8N141,173
Q8N157,121
Q8N158,27
Q8N1G0,1207
Q8N1I0,72
Q8N283,837
Q8N2C7,1170
Q8N2C7,1268
Q8N2C7,1393
Q8N2C7,200
Q8N2F6,292
Q8N2F6,320
Q8N2I9,191
Q8N2K1,25
Q8N2N9,536
Q8N2N9,541
Q8N302,357
Q8N323,345
Q8N335,162
Q8N335,180
Q8N394,693
Q8N3A8,299
Q8N3A8,301
Q8N3C0,213
Q8N3C0,423
Q8N3C0,48
Q8N3C0,49
Q8N3C7,284
Q8N3E9,201
Q8N3E9,208
Q8N3G9,428
Q8N3K9,1555
Q8N3K9,2661
Q8N3K9,2673
Q8N3S3,101
Q8N402,62
Q8N412,360
Q8N414,327
Q8N428,512
Q8N441,30
Q8N4C6,1169
Q8N4L1,262
Q8N4P6,199
Q8N4S0,115
Q8N4W9,374
Q8N4W9,378
Q8N543,4
Q8N565,109
Q8N584,82
Q8N5C6,955
Q8N5C6,958
Q8N5G2,545
Q8N5G2,549
Q8N5I4,268
Q8N5Q1,441
Q8N5Q1,451
Q8N5S1,117
Q8N5Z0,49
Q8N608,276
Q8N608,278
Q8N655,1090
Q8N655,140
Q8N6C5,273
Q8N6C5,276
Q8N6C5,287
Q8N6L0,251
Q8N6L0,269
Q8N6P7,462
Q8N6S4,173
Q8N7B9,24
Q8N7P1,102
Q8N7P1,500
Q8N7Z5,211
Q8N884,47
Q8N8J0,225
Q8N8N7,340
Q8N8S7,52
Q8N8S7,66
Q8N8X9,299
Q8N8Z6,167
Q8N954,64
Q8N954,72
Q8N960,22
Q8N999,33
Q8N999,43
Q8N9B5,931
Q8N9B5,934
Q8N9B8,136
Q8N9F7,161
Q8N9F7,237
Q8N9F8,264
Q8N9L7,8
Q8N9M1,166
Q8N9M1,174
Q8N9V2,283
Q8N9V6,152
Q8N9V6,164
Q8N9V7,176
Q8N9V7,195
Q8N9V7,595
Q8NA19,197
Q8NA29,449
Q8NA66,133
Q8NA70,100
Q8NA72,334
Q8NA72,344
Q8NA82,328
Q8NAT2,260
Q8NB49,685
Q8NB50,167
Q8NB50,524
Q8NB78,52
Q8NB78,646
Q8NB78,705
Q8NB78,727
Q8NBM4,68
Q8NBN3,501
Q8NBN3,512
Q8NBN3,519
Q8NBP7,222
Q8NBP7,273
Q8NBS9,150
Q8NBS9,244
Q8NBT2,50
Q8NC26,169
Q8NC51,68
Q8NCA5,173
Q8NCL4,419
Q8NCM8,3077
Q8NCM8,3094
Q8NCV1,549
Q8NCY6,44
Q8ND56,40
Q8ND82,463
Q8NDA2,3214
Q8NDH2,1123
Q8NDI1,139
Q8NDI1,839
Q8NDI1,953
Q8NDT2,394
Q8NDV7,1826
Q8NDY3,5
Q8NE09,69
Q8NE09,745
Q8NE09,750
Q8NE09,779
Q8NE22,161
Q8NE79,331
Q8NEB9,613
Q8NEC7,214
Q8NEC7,216
Q8NEC7,218
Q8NEL9,744
Q8NEM0,41
Q8NEN9,1042
Q8NEN9,1062
Q8NEN9,930
Q8NEV4,1375
Q8NEV4,90
Q8NEV4,95
Q8NEY1,48
Q8NEY1,531
Q8NEY1,533
Q8NEY1,552
Q8NEY1,58
Q8NEZ3,190
Q8NF50,294
Q8NF50,297
Q8NF91,1917
Q8NF91,1932
Q8NF91,4737
Q8NF91,5336
Q8NF91,5382
Q8NF91,7925
Q8NFA0,126
Q8NFA0,721
Q8NFD5,1696
Q8NFH5,147
Q8NFP9,911
Q8NFU5,167
Q8NFU7,912
Q8NFU7,915
Q8NFW1,1094
Q8NFW1,1379
Q8NFW1,1392
Q8NG08,132
Q8NG08,75
Q8NG08,90
Q8NG76,291
Q8NG76,296
Q8NGG2,341
Q8NGG2,342
Q8NGH3,104
Q8NGI6,90
Q8NGR5,271
Q8NGR9,315
Q8NGR9,326
Q8NGZ0,302
Q8NGZ0,306
Q8NHM5,749
Q8NHM5,758
Q8NHS9,251
Q8NI27,960
Q8TAL5,363
Q8TB36,207
Q8TB36,214
Q8TB45,307
Q8TBB5,16
Q8TBB5,186
Q8TBB5,20
Q8TBC4,434
Q8TBC4,458
Q8TBF8,259
Q8TBG4,153
Q8TBG4,156
Q8TBG4,72
Q8TBJ5,86
Q8TBX8,27
Q8TBX8,29
Q8TBY8,977
Q8TBZ0,684
Q8TBZ0,699
Q8TBZ0,706
Q8TBZ2,184
Q8TBZ9,78
Q8TC59,770
Q8TCB6,145
Q8TCP9,272
Q8TCS8,582
Q8TCS8,716
Q8TCS8,718
Q8TCT8,106
Q8TCT8,143
Q8TCU6,1217
Q8TCU6,1237
Q8TCY9,705
Q8TD16,193
Q8TD16,310
Q8TD31,360
Q8TD57,2529
Q8TD84,1279
Q8TD84,1287
Q8TDF6,189
Q8TDJ6,2638
Q8TDJ6,940
Q8TDJ6,969
Q8TDR0,420
Q8TDV2,247
Q8TDV5,108
Q8TDW0,224
Q8TDY2,436
Q8TDY2,441
Q8TDZ2,637
Q8TDZ2,867
Q8TDZ2,927
Q8TE56,990
Q8TE60,330
Q8TE68,699
Q8TE73,1003
Q8TEC5,343
Q8TED9,393
Q8TEK3,363
Q8TEX9,220
Q8TEY7,31
Q8TF39,192
Q8TF40,669
Q8TF76,751
Q8TF76,754
Q8WTP9,91
Q8WTT2,215
Q8WU17,513
Q8WU43,21
Q8WU90,76
Q8WU90,86
Q8WU90,93
Q8WUD1,130
Q8WUJ0,203
Q8WUJ3,379
Q8WUM0,518
Q8WUQ7,214
Q8WUY3,637
Q8WV16,131
Q8WV37,285
Q8WV44,283
Q8WV44,294
Q8WV60,44
Q8WV99,99
Q8WVF1,378
Q8WVM8,497
Q8WVQ1,231
Q8WVQ1,249
Q8WVY7,65
Q8WW12,133
Q8WW38,86
Q8WWH5,204
Q8WWL2,560
Q8WWL7,906
Q8WWP7,40
Q8WWQ0,1247
Q8WWQ2,118
Q8WWU7,210
Q8WWW8,333
Q8WWZ4,1309
Q8WWZ4,349
Q8WWZ4,355
Q8WX92,292
Q8WX94,554
Q8WXD2,311
Q8WXD2,315
Q8WXD9,518
Q8WXH0,1200
Q8WXH0,3339
Q8WXH0,3348
Q8WXH0,607
Q8WXI7,9504
Q8WXK3,193
Q8WXU2,41
Q8WXX0,1615
Q8WXX0,238
Q8WXX0,2718
Q8WXX0,2730
Q8WXX0,521
Q8WY36,134
Q8WY36,148
Q8WY54,721
Q8WYA0,491
Q8WYJ6,331
Q8WYJ6,336
Q8WYL5,46
Q8WYL5,69
Q8WYL5,896
Q8WYQ4,31
Q8WYQ5,222
Q8WZ33,91
Q8WZ42,12623
Q8WZ42,12633
Q8WZ42,15600
Q8WZ42,15609
Q8WZ42,16193
Q8WZ42,16199
Q8WZ42,16243
Q8WZ42,16463
Q8WZ42,17169
Q8WZ42,19418
Q8WZ42,21504
Q8WZ42,21512
Q8WZ42,21922
Q8WZ42,25673
Q8WZ42,27932
Q8WZ42,28031
Q8WZ42,32210
Q8WZ42,32212
Q8WZ42,32220
Q8WZ42,33524
Q8WZ42,33540
Q8WZ42,33542
Q8WZ42,5637
Q8WZ42,6082
Q8WZ42,7262
Q8WZ42,7288
Q8WZ42,8810
Q8WZ42,9938
Q8WZ42,9950
Q8WZ64,185
Q8WZ69,162
Q8WZA1,271
Q92499,505
Q92508,2313
Q92520,30
Q92520,62
Q92526,223
Q92529,515
Q92540,956
Q92545,1496
Q92563,71
Q92574,934
Q92608,395
Q92610,471
Q92610,481
Q92613,725
Q92613,738
Q92614,1324
Q92614,1337
Q92614,1338
Q92616,1336
Q92616,1338
Q92616,1343
Q92624,219
Q92625,472
Q92673,497
Q92736,3455
Q92736,3471
Q92769,404
Q92772,349
Q92772,352
Q92786,75
Q92794,714
Q92794,715
Q92819,460
Q92820,196
Q92820,81
Q92823,742
Q92831,338
Q92831,594
Q92835,1076
Q92837,85
Q92839,354
Q92851,329
Q92859,253
Q92859,966
Q92879,83
Q92882,104
Q92882,119
Q92889,438
Q92889,442
Q92890,42
Q92890,45
Q92896,1048
Q92896,1058
Q92922,846
Q92925,514
Q92954,1230
Q92954,1234
Q92954,1274
Q92954,1330
Q92954,1372
Q92954,280
Q92954,894
Q92954,972
Q92954,984
Q92959,485
Q92995,18
Q93008,1435
Q93034,137
Q93070,190
Q93070,85
Q93084,169
Q93084,728
Q93086,200
Q93086,212
Q969F9,698
Q969H8,156
Q969N2,198
Q969N2,206
Q969Q1,291
Q969Q4,75
Q969Q6,141
Q969V6,443
Q969X5,199
Q969Z0,60
Q96A65,135
Q96AP4,77
Q96AQ2,84
Q96AX1,468
Q96B23,2
Q96B23,21
Q96B23,9
Q96B97,68
Q96BA8,480
Q96BA8,502
Q96BD8,82
Q96BM0,49
Q96BP3,394
Q96BR9,119
Q96BT1,282
Q96BV0,519
Q96BY6,528
Q96C45,216
Q96CP2,53
Q96CW1,308
Q96CW1,319
Q96DA0,87
Q96DA0,92
Q96DI7,184
Q96DT5,1963
Q96DT5,3161
Q96DT5,428
Q96DY7,489
Q96DZ5,437
Q96EA4,563
Q96EN8,570
Q96EV2,735
Q96F15,35
Q96F15,56
Q96F24,46
Q96FC9,778
Q96FJ0,403
Q96FJ0,404
Q96FN4,174
Q96FN4,189
Q96FV9,272
Q96GC6,526
Q96GC9,6
Q96GE4,207
Q96GE5,502
Q96GM8,45
Q96GR2,54
Q96GY0,33
Q96GY0,44
Q96H22,26
Q96HE7,402
Q96HE7,419
Q96HP4,67
Q96HW7,62
Q96HY7,456
Q96HY7,487
Q96I25,289
Q96I25,327
Q96IY4,146
Q96IY4,155
Q96IY4,326
Q96IY4,328
Q96IY4,414
Q96J87,41
Q96J87,465
Q96JB1,1728
Q96JB2,264
Q96JB2,280
Q96JE9,692
Q96JG9,3673
Q96JG9,3692
Q96JG9,3697
Q96JG9,374
Q96JI7,1983
Q96JI7,1988
Q96JI7,660
Q96JI7,676
Q96JI7,798
Q96JJ6,359
Q96JJ6,410
Q96JM2,1117
Q96JM2,622
Q96JM2,631
Q96JM7,56
Q96JP5,129
Q96K30,77
Q96K31,356
Q96K37,119
Q96K76,1361
Q96K76,1370
Q96K76,844
Q96K80,118
Q96KM6,566
Q96KN2,362
Q96KN2,455
Q96KR7,111
Q96KX2,102
Q96L12,102
Q96L21,187
Q96L91,1055
Q96L91,1179
Q96L93,1107
Q96L96,851
Q96LA5,250
Q96LA5,251
Q96LW4,119
Q96LW4,140
Q96M34,476
Q96M89,19
Q96M89,7
Q96MC4,394
Q96MC4,420
Q96ME1,585
Q96MH7,453
Q96MX6,353
Q96MY7,630
Q96N16,569
Q96N22,441
Q96N22,451
Q96N23,2505
Q96N23,323
Q96N23,337
Q96N38,497
Q96N38,500
Q96N38,545
Q96N96,567
Q96ND8,68
Q96ND8,69
Q96NG3,468
Q96NI6,16
Q96NI6,3
Q96NI8,76
Q96NJ3,211
Q96NJ3,221
Q96NN9,593
Q96NR3,619
Q96NR3,634
Q96NR8,117
Q96P31,135
Q96P31,148
Q96P44,655
Q96P48,464
Q96P50,38
Q96P66,497
Q96PB1,126
Q96PC5,24
Q96PC5,3
Q96PC5,595
Q96PD5,106
Q96PD5,207
Q96PD5,398
Q96PD5,40
Q96PE2,1179
Q96PE2,545
Q96PM9,226
Q96PN6,1288
Q96PP9,170
Q96PP9,203
Q96PQ0,216
Q96PQ7,262
Q96PQ7,515
Q96PX1,92
Q96PX1,99
Q96PX9,1036
Q96PX9,1047
Q96PX9,1051
Q96PZ7,474
Q96Q04,987
Q96Q04,998
Q96Q06,269
Q96Q06,302
Q96Q06,881
Q96Q06,907
Q96Q89,824
Q96QA5,123
Q96QB1,689
Q96QB1,707
Q96QD5,106
Q96QE3,709
Q96QE3,711
Q96QE3,805
Q96QE3,823
Q96QF0,287
Q96QF0,308
Q96QP1,1140
Q96QP1,65
Q96QS6,294
Q96QU8,672
Q96QU8,701
Q96QZ0,183
Q96R06,668
Q96R06,779
Q96RI0,367
Q96RI1,220
Q96RL6,235
Q96RL7,2228
Q96RL7,2996
Q96RL7,3000
Q96RL7,3147
Q96RL7,58
Q96RR4,314
Q96RU2,784
Q96RV3,1383
Q96S59,405
Q96S59,412
Q96S86,99
Q96S94,439
Q96SB3,112
Q96SL4,29
Q96ST8,274
Q96T21,140
Q96T68,89
Q96T68,94
Q96TC7,191
Q99102,429
Q99259,242
Q99442,303
Q99442,317
Q99457,235
Q99459,466
Q99466,117
Q99497,41
Q99518,354
Q99549,350
Q99549,436
Q99551,108
Q99551,114
Q99571,69
Q99593,115
Q99593,99
Q99608,112
Q99608,115
Q99608,116
Q99615,306
Q99698,478
Q99715,521
Q99728,160
Q99741,484
Q99741,491
Q99742,360
Q99758,640
Q99758,657
Q99767,668
Q99784,124
Q99784,130
Q99784,137
Q99784,157
Q99832,135
Q99959,516
Q99961,20
Q99961,28
Q99961,34
Q99963,136
Q99973,2573
Q99973,2578
Q99973,746
Q99996,1943
Q99996,369
Q99996,476
Q99996,569
Q99996,575
Q99996,964
Q99996,979
Q99999,82
Q9BPW5,56
Q9BPZ3,108
Q9BQ04,73
Q9BQ51,27
Q9BQ61,137
Q9BQE4,133
Q9BQE4,134
Q9BQE4,150
Q9BQE5,54
Q9BQE5,58
Q9BQK8,469
Q9BQK8,514
Q9BQK8,635
Q9BQL6,126
Q9BQW3,169
Q9BRC7,26
Q9BRJ2,264
Q9BRX5,31
Q9BS26,336
Q9BSG1,405
Q9BSJ2,746
Q9BSJ2,750
Q9BSK4,452
Q9BT81,81
Q9BTC0,1309
Q9BTT4,40
Q9BTW9,913
Q9BU19,469
Q9BU64,102
Q9BU76,138
Q9BUY7,57
Q9BV36,443
Q9BV73,307
Q9BV73,961
Q9BV86,21
Q9BVI0,818
Q9BVJ6,240
Q9BVS5,233
Q9BVV6,441
Q9BVV6,530
Q9BW19,609
Q9BW27,218
Q9BW83,7
Q9BWD1,233
Q9BWD1,265
Q9BWP8,140
Q9BWV3,35
Q9BWW9,5
Q9BX26,1409
Q9BX26,1410
Q9BX26,1413
Q9BX26,349
Q9BX82,241
Q9BX84,1188
Q9BX84,1965
Q9BX84,901
Q9BXF3,332
Q9BXF3,366
Q9BXF9,462
Q9BXI2,204
Q9BXI6,477
Q9BXM0,808
Q9BXU7,795
Q9BXW9,1152
Q9BXW9,1154
Q9BXW9,571
Q9BXW9,681
Q9BY11,178
Q9BY11,189
Q9BY11,211
Q9BY32,19
Q9BY32,56
Q9BY66,1333
Q9BY66,1354
Q9BY66,235
Q9BY66,244
Q9BY66,946
Q9BY76,339
Q9BY76,343
Q9BY89,1698
Q9BYC5,541
Q9BYE7,223
Q9BYE7,234
Q9BYE7,238
Q9BYG5,167
Q9BYT8,664
Q9BYT8,671
Q9BYV6,319
Q9BYV9,421
Q9BYW2,1378
Q9BYW2,1795
Q9BZ29,100
Q9BZC7,1128
Q9BZF1,795
Q9BZF1,816
Q9BZF9,1034
Q9BZF9,1035
Q9BZF9,1197
Q9BZF9,1212
Q9BZI1,309
Q9BZJ6,388
Q9BZK7,125
Q9BZL6,643
Q9BZM4,175
Q9BZM4,184
Q9BZQ2,660
Q9BZR9,260
Q9BZR9,280
Q9BZV3,63
Q9BZZ2,1686
Q9C035,84
Q9C075,387
Q9C099,786
Q9C0A1,1309
Q9C0D2,1726
Q9C0D4,581
Q9C0D4,594
Q9C0D5,1553
Q9C0D7,78
Q9C0F0,1629
Q9C0F0,1631
Q9C0F1,266
Q9C0G0,441
Q9C0G6,482
Q9C0G6,488
Q9C0I3,441
Q9C0I3,79
Q9C0K3,115
Q9C0K3,122
Q9C0K3,136
Q9GZN1,224
Q9GZQ3,209
Q9GZQ3,216
Q9GZR1,68
Q9GZR1,69
Q9GZR2,218
Q9GZR2,233
Q9GZR7,243
Q9GZS1,357
Q9GZS1,371
Q9GZS1,374
Q9GZT6,100
Q9GZV1,65
Q9GZV1,77
Q9GZY8,52
Q9GZZ1,47
Q9GZZ1,70
Q9H0A0,950
Q9H0A3,98
Q9H0C3,84
Q9H0D6,495
Q9H0E3,864
Q9H0F7,85
Q9H0G5,178
Q9H0J9,528
Q9H0K1,569
Q9H0K1,72
Q9H0K1,81
Q9H0K6,537
Q9H0N0,26
Q9H0V1,532
Q9H0V1,554
Q9H159,245
Q9H173,151
Q9H173,158
Q9H1B5,179
Q9H1B5,200
Q9H1D9,146
Q9H1D9,256
Q9H1D9,268
Q9H1H9,244
Q9H1J7,183
Q9H1J7,187
Q9H201,488
Q9H227,294
Q9H227,295
Q9H228,102
Q9H2C2,173
Q9H2C2,181
Q9H2E6,862
Q9H2G9,85
Q9H2G9,95
Q9H2K8,817
Q9H2M9,1248
Q9H2P0,266
Q9H2P0,274
Q9H2P0,278
Q9H2S9,514
Q9H2X6,494
Q9H2X8,3
Q9H2Z4,174
Q9H347,3
Q9H3H5,313
Q9H3H5,320
Q9H3N1,107
Q9H3Q1,227
Q9H3R0,253
Q9H3T3,356
Q9H422,465
Q9H479,116
Q9H488,328
Q9H489,110
Q9H4A6,52
Q9H4B8,253
Q9H4G4,7
Q9H4H8,310
Q9H4H8,318
Q9H4I0,516
Q9H4I3,335
Q9H4M3,115
Q9H4M3,123
Q9H4M3,124
Q9H501,705
Q9H579,464
Q9H5J4,95
Q9H6B4,182
Q9H6Q3,9
Q9H6R0,349
Q9H6R3,141
Q9H6R3,530
Q9H6T0,319
Q9H6U6,277
Q9H6Z4,471
Q9H741,82
Q9H741,96
Q9H7E2,424
Q9H7F0,405
Q9H7U1,48
Q9H7U1,52
Q9H814,305
Q9H857,182
Q9H8X2,401
Q9H8Y8,65
Q9H8Y8,75
Q9H902,139
Q9H939,43
Q9H9A5,230
Q9H9A5,233
Q9H9A5,256
Q9H9B4,223
Q9H9C1,472
Q9H9C1,479
Q9H9C1,492
Q9H9E3,92
Q9H9G7,494
Q9H9Q2,218
Q9H9Q2,221
Q9HAC7,282
Q9HAC7,284
Q9HAT8,164
Q9HAW4,649
Q9HAW4,925
Q9HAW4,930
Q9HAW4,966
Q9HAZ2,857
Q9HAZ2,872
Q9HB55,209
Q9HB55,212
Q9HB55,243
Q9HB71,143
Q9HB71,144
Q9HB71,146
Q9HB71,207
Q9HB71,33
Q9HBH7,24
Q9HBH7,4
Q9HBH7,6
Q9HBI1,347
Q9HBJ7,112
Q9HBT6,277
Q9HBT6,310
Q9HBY8,135
Q9HC10,1278
Q9HC10,1543
Q9HC10,1587
Q9HC36,403
Q9HC38,181
Q9HC38,185
Q9HC77,399
Q9HC84,5052
Q9HCD6,1236
Q9HCE3,42
Q9HCG7,904
Q9HCG8,505
Q9HCH3,24
Q9HCH3,37
Q9HCI7,351
Q9HCI7,375
Q9HCJ1,42
Q9HCJ5,741
Q9HCK4,171
Q9HCK4,790
Q9HCL0,756
Q9HCL0,871
Q9HCM3,1081
Q9HCM9,402
Q9HCS5,105
Q9HD15,19
Q9HD90,185
Q9NNW7,340
Q9NNZ6,33
Q9NP08,225
Q9NP59,169
Q9NP62,103
Q9NP64,88
Q9NP73,543
Q9NP73,561
Q9NP97,52
Q9NP99,32
Q9NP99,40
Q9NPB3,143
Q9NPC3,119
Q9NPF8,319
Q9NPH3,148
Q9NPH3,232
Q9NPR2,419
Q9NQ29,125
Q9NQ29,154
Q9NQ32,322
Q9NQ35,75
Q9NQ38,528
Q9NQ50,130
Q9NQ55,200
Q9NQ66,419
Q9NQ66,423
Q9NQ79,236
Q9NQ79,328
Q9NQA5,35
Q9NQA5,656
Q9NQA5,666
Q9NQB0,45
Q9NQC3,1179
Q9NQC3,411
Q9NQC7,658
Q9NQH7,247
Q9NQH7,260
Q9NQS1,245
Q9NQT8,1342
Q9NQV6,714
Q9NQW7,304
Q9NQX0,3
Q9NQX3,328
Q9NR09,2270
Q9NR09,2277
Q9NR20,170
Q9NR20,506
Q9NR20,511
Q9NR48,1011
Q9NR48,358
Q9NR48,921
Q9NR50,96
Q9NR77,135
Q9NR82,37
Q9NR83,99
Q9NRB3,86
Q9NRE2,789
Q9NRE2,800
Q9NRH2,45
Q9NRL2,1023
Q9NRM0,133
Q9NRM6,386
Q9NRM6,387
Q9NRM6,391
Q9NRR4,382
Q9NRR6,521
Q9NRY4,1199
Q9NRY4,253
Q9NRY4,255
Q9NS87,739
Q9NS87,742
Q9NSD4,88
Q9NSD9,176
Q9NSE4,984
Q9NSE7,90
Q9NSI6,1731
Q9NSI6,2279
Q9NSI6,2285
Q9NSI6,2297
Q9NSV4,1102
Q9NSY1,321
Q9NSY1,350
Q9NSY1,693
Q9NTI2,770
Q9NU02,509
Q9NU02,510
Q9NU22,1747
Q9NU22,1768
Q9NUD7,36
Q9NUD7,55
Q9NUJ1,284
Q9NUL3,237
Q9NUL3,257
Q9NUL3,258
Q9NUP7,426
Q9NUQ3,200
Q9NUQ6,426
Q9NV70,226
Q9NV88,193
Q9NVA1,169
Q9NVA1,254
Q9NVC6,606
Q9NVE5,1121
Q9NVE5,1126
Q9NVF7,108
Q9NVF7,118
Q9NVH1,264
Q9NVH2,672
Q9NVH2,798
Q9NVH2,805
Q9NVH2,830
Q9NVM9,35
Q9NVM9,49
Q9NVN8,477
Q9NVN8,482
Q9NVR2,390
Q9NVR5,3
Q9NVR7,64
Q9NVX7,36
Q9NW08,305
Q9NW13,39
Q9NW75,416
Q9NWQ4,415
Q9NWQ4,417
Q9NWQ4,446
Q9NWS8,74
Q9NWS8,92
Q9NWU5,106
Q9NWU5,22
Q9NWV4,42
Q9NWX5,397
Q9NWZ8,211
Q9NX57,159
Q9NX57,160
Q9NX58,113
Q9NX58,119
Q9NX58,316
Q9NX58,320
Q9NX58,369
Q9NX58,372
Q9NX77,418
Q9NX77,55
Q9NXB9,293
Q9NXG0,1102
Q9NXL9,460
Q9NXR1,6
Q9NXS3,456
Q9NXS3,468
Q9NXZ1,452
Q9NY15,98
Q9NY46,1082
Q9NY47,517
Q9NY61,243
Q9NY61,246
Q9NY61,264
Q9NY74,442
Q9NY74,657
Q9NY91,611
Q9NY91,614
Q9NY91,625
Q9NY97,268
Q9NYB9,123
Q9NYC9,1136
Q9NYC9,3122
Q9NYC9,3176
Q9NYC9,3307
Q9NYC9,4244
Q9NYH9,360
Q9NYH9,365
Q9NYH9,373
Q9NYH9,575
Q9NYH9,588
Q9NYI0,941
Q9NYL5,312
Q9NYQ7,1722
Q9NYU1,1386
Q9NYU1,927
Q9NYU2,306
Q9NYU2,347
Q9NYU2,744
Q9NYU2,745
Q9NYY8,20
Q9NZ08,467
Q9NZ32,403
Q9NZ32,410
Q9NZ52,198
Q9NZC9,851
Q9NZI2,86
Q9NZI8,345
Q9NZJ4,4020
Q9NZJ4,780
Q9NZL3,678
Q9NZM5,85
Q9NZP8,252
Q9NZP8,72
Q9P055,193
Q9P0I2,66
Q9P0J6,22
Q9P0K7,120
Q9P0K7,770
Q9P0K7,806
Q9P0L1,670
Q9P0W8,166
Q9P0W8,174
Q9P0W8,192
Q9P1A6,886
Q9P1W3,303
Q9P1W9,23
Q9P1W9,4
Q9P202,889
Q9P203,130
Q9P217,359
Q9P218,1182
Q9P218,1209
Q9P218,316
Q9P219,2006
Q9P225,3144
Q9P241,963
Q9P244,560
Q9P258,77
Q9P258,92
Q9P260,652
Q9P266,226
Q9P273,2395
Q9P273,2400
Q9P275,33
Q9P278,86
Q9P299,205
Q9P2B7,122
Q9P2D1,2656
Q9P2D1,2667
Q9P2D3,1424
Q9P2D3,74
Q9P2D6,458
Q9P2D6,731
Q9P2D6,754
Q9P2D8,1912
Q9P2E2,205
Q9P2E9,1241
Q9P2E9,270
Q9P2E9,620
Q9P2E9,626
Q9P2F5,705
Q9P2F8,1189
Q9P2F8,1195
Q9P2F8,1201
Q9P2H5,298
Q9P2K2,155
Q9P2K3,42
Q9P2K5,586
Q9P2K9,1383
Q9P2L0,653
Q9P2L0,660
Q9P2N4,1471
Q9P2P1,644
Q9P2P6,2021
Q9P2P6,2035
Q9P2P6,3092
Q9P2P6,4193
Q9P2Y5,402
Q9P2Y5,406
Q9UBC5,792
Q9UBC5,803
Q9UBJ2,149
Q9UBJ2,722
Q9UBK2,278
Q9UBP9,105
Q9UBP9,108
Q9UBR2,281
Q9UBT6,671
Q9UBX1,122
Q9UDR5,584
Q9UDR5,70
Q9UDX4,253
Q9UF33,510
Q9UFD9,611
Q9UFH2,3271
Q9UG01,1444
Q9UG56,174
Q9UGL1,1070
Q9UGM5,185
Q9UGM5,313
Q9UGN5,225
Q9UGN5,229
Q9UGU5,60
Q9UH90,675
Q9UH99,36
Q9UHB6,53
Q9UHD8,563
Q9UHF7,396
Q9UHF7,457
Q9UHF7,474
Q9UHH9,243
Q9UHH9,274
Q9UHN6,1208
Q9UHN6,1220
Q9UHQ9,130
Q9UHR5,142
Q9UHV7,727
Q9UHV7,808
Q9UHV7,812
Q9UHW9,815
Q9UI12,30
Q9UI26,351
Q9UI32,253
Q9UI32,284
Q9UI33,955
Q9UIA9,312
Q9UID6,56
Q9UIF8,1425
Q9UIF9,1405
Q9UIG0,131
Q9UIG0,409
Q9UIG0,416
Q9UIG0,422
Q9UIG0,436
Q9UIG0,445
Q9UII4,316
Q9UII4,324
Q9UII5,319
Q9UIJ7,20
Q9UIV1,200
Q9UIV1,203
Q9UIV8,112
Q9UIX4,327
Q9UIX4,337
Q9UJ04,147
Q9UJ41,498
Q9UJ71,5
Q9UJC3,663
Q9UJC3,672
Q9UJV3,732
Q9UJV9,455
Q9UJX3,460
Q9UK17,350
Q9UK17,376
Q9UK32,289
Q9UK32,309
Q9UK55,134
Q9UK55,137
Q9UK55,146
Q9UK55,211
Q9UK55,219
Q9UK55,241
Q9UK55,265
Q9UK55,274
Q9UK55,281
Q9UK55,339
Q9UK55,345
Q9UK55,77
Q9UK61,403
Q9UKA2,480
Q9UKA2,490
Q9UKA9,399
Q9UKD2,118
Q9UKE5,67
Q9UKG9,65
Q9UKG9,69
Q9UKK3,36
Q9UKN7,1338
Q9UKT4,282
Q9UKU0,306
Q9UKV8,266
Q9UKV8,355
Q9UKV8,381
Q9UKV8,440
Q9UKV8,608
Q9UKV8,693
Q9UKV8,98
Q9UKX2,1489
Q9UKX2,1491
Q9UKX2,35
Q9UKX3,1244
Q9UKX5,339
Q9UKX5,357
Q9UKY1,623
Q9UKY1,641
Q9UL40,269
Q9UL45,120
Q9UL46,156
Q9UL51,537
Q9UL51,594
Q9UL51,597
Q9UL54,11
Q9UL54,26
Q9ULC3,168
Q9ULC3,190
Q9ULC4,103
Q9ULC4,122
Q9ULC4,139
Q9ULC5,376
Q9ULC5,382
Q9ULC5,388
Q9ULC6,35
Q9ULD0,44
Q9ULD0,68
Q9ULD2,845
Q9ULD4,1120
Q9ULD5,174
Q9ULD5,198
Q9ULD9,1210
Q9ULE6,536
Q9ULH1,120
Q9ULI1,902
Q9ULI1,927
Q9ULI3,227
Q9ULI4,428
Q9ULJ1,463
Q9ULJ3,872
Q9ULK0,440
Q9ULK4,554
Q9ULK4,582
Q9ULK4,768
Q9ULK4,795
Q9ULL5,452
Q9ULL8,308
Q9ULM0,271
Q9ULM0,387
Q9ULQ0,275
Q9ULQ0,294
Q9ULR0,259
Q9ULR0,260
Q9ULU4,627
Q9ULW0,217
Q9ULX3,198
Q9UM01,504
Q9UM01,509
Q9UM44,264
Q9UMD9,101
Q9UMN6,1718
Q9UMQ3,23
Q9UMQ3,33
Q9UMR7,13
Q9UMS5,309
Q9UMS5,417
Q9UMS6,480
Q9UMS6,497
Q9UMZ2,609
Q9UMZ2,629
Q9UNA1,375
Q9UNQ0,72
Q9UNU6,91
Q9UNW1,349
Q9UNW1,387
Q9UNW1,50
Q9UNW1,97
Q9UNY4,509
Q9UNZ5,60
Q9UNZ5,75
Q9UNZ5,76
Q9UP83,833
Q9UP95,1010
Q9UP95,1024
Q9UPA5,349
Q9UPN3,1702
Q9UPN3,3948
Q9UPN3,7074
Q9UPN4,353
Q9UPP5,1142
Q9UPP5,1144
Q9UPR0,571
Q9UPR0,598
Q9UPR5,278
Q9UPR5,329
Q9UPT5,240
Q9UPT8,1292
Q9UPT8,851
Q9UPT8,916
Q9UPU3,1030
Q9UPU3,1035
Q9UPU3,499
Q9UPV0,299
Q9UPV9,482
Q9UPV9,483
Q9UPW8,1238
Q9UPX6,280
Q9UPX6,629
Q9UQ52,913
Q9UQ53,326
Q9UQ53,345
Q9UQD0,482
Q9UQD0,486
Q9UQD0,489
Q9UQE7,180
Q9UQE7,571
Q9UQF0,494
Q9UQF0,496
Q9UQL6,194
Q9UQL6,196
Q9XRX5,11
Q9Y217,44
Q9Y217,467
Q9Y217,493
Q9Y219,476
Q9Y234,131
Q9Y250,61
Q9Y265,171
Q9Y265,182
Q9Y271,162
Q9Y274,100
Q9Y279,252
Q9Y279,258
Q9Y281,19
Q9Y283,1047
Q9Y283,1060
Q9Y283,374
Q9Y285,101
Q9Y285,343
Q9Y2C4,210
Q9Y2C4,230
Q9Y2E6,482
Q9Y2E6,499
Q9Y2G3,556
Q9Y2G3,560
Q9Y2G3,623
Q9Y2H2,774
Q9Y2H6,677
Q9Y2H8,654
Q9Y2H8,666
Q9Y2H9,537
Q9Y2I1,230
Q9Y2I7,1753
Q9Y2I7,1761
Q9Y2K1,528
Q9Y2K5,346
Q9Y2K7,476
Q9Y2K9,1107
Q9Y2K9,1126
Q9Y2K9,826
Q9Y2Q0,922
Q9Y2Q3,116
Q9Y2Q3,144
Q9Y2S0,15
Q9Y2S7,223
Q9Y2W1,314
Q9Y2W1,333
Q9Y2W2,266
Q9Y2X0,276
Q9Y2X3,485
Q9Y2X9,2
Q9Y3A3,193
Q9Y3A3,197
Q9Y3A5,248
Q9Y3A6,169
Q9Y3D6,120
Q9Y3P9,460
Q9Y3P9,880
Q9Y3P9,965
Q9Y3R5,1655
Q9Y3R5,1743
Q9Y3R5,405
Q9Y3R5,836
Q9Y3R5,839
Q9Y3R5,849
Q9Y421,45
Q9Y450,273
Q9Y463,119
Q9Y487,113
Q9Y487,290
Q9Y487,303
Q9Y487,304
Q9Y490,1730
Q9Y490,1766
Q9Y490,1780
Q9Y490,1960
Q9Y490,2024
Q9Y490,2089
Q9Y490,2180
Q9Y490,2423
Q9Y490,2429
Q9Y490,2464
Q9Y490,256
Q9Y490,263
Q9Y490,592
Q9Y490,66
Q9Y490,786
Q9Y490,861
Q9Y490,869
Q9Y490,875
Q9Y490,910
Q9Y490,98
Q9Y493,2004
Q9Y4A0,51
Q9Y4A5,932
Q9Y4A5,941
Q9Y4B4,311
Q9Y4B4,665
Q9Y4B5,1195
Q9Y4B5,1210
Q9Y4B6,1224
Q9Y4C1,261
Q9Y4C1,608
Q9Y4C8,203
Q9Y4D1,480
Q9Y4D1,793
Q9Y4D1,894
Q9Y4D8,2276
Q9Y4E5,322
Q9Y4F3,73
Q9Y4F5,1081
Q9Y4F5,1486
Q9Y4F5,1490
Q9Y4G6,406
Q9Y4G8,244
Q9Y4I1,1107
Q9Y4I1,1480
Q9Y4I1,1481
Q9Y4I1,1486
Q9Y4I5,434
Q9Y4K3,319
Q9Y4K4,748
Q9Y4L1,106
Q9Y4L1,889
Q9Y4P9,119
Q9Y530,146
Q9Y587,53
Q9Y5A6,248
Q9Y5A7,198
Q9Y5B6,123
Q9Y5B6,124
Q9Y5B6,129
Q9Y5E1,136
Q9Y5F9,297
Q9Y5F9,302
Q9Y5H4,41
Q9Y5I3,677
Q9Y5N1,325
Q9Y5R6,276
Q9Y5R6,69
Q9Y5S2,1667
Q9Y5S2,1675
Q9Y5S2,426
Q9Y5S2,910
Q9Y5X9,490
Q9Y5Y7,46
Q9Y5Y7,71
Q9Y600,35
Q9Y600,47
Q9Y603,42
Q9Y606,159
Q9Y606,169
Q9Y608,378
Q9Y608,380
Q9Y608,381
Q9Y616,145
Q9Y618,2361
Q9Y619,270
Q9Y619,292
Q9Y623,1058
Q9Y623,1077
Q9Y624,78
Q9Y6A2,448
Q9Y6A4,84
Q9Y6A4,85
Q9Y6A4,97
Q9Y6F1,167
Q9Y6G9,331
Q9Y6M1,583
Q9Y6M1,588
Q9Y6N7,282
Q9Y6P5,55
Q9Y6Q3,201
Q9Y6R0,133
Q9Y6R0,155
Q9Y6R6,667
Q9Y6R6,672
Q9Y6R6,676
Q9Y6R7,1748
Q9Y6R7,275
Q9Y6R7,2949
Q9Y6R7,4150
Q9Y6R7,4958
Q9Y6T7,20
Q9Y6U3,377
Q9Y6U3,397
Q9Y6V0,1321
Q9Y6V0,1412
Q9Y6V0,707
Q9Y6V0,728
Q9Y6X4,521
Q9Y6Y8,853
A0A075B6H9,69
A0A075B6H9,78
A0A075B6J5,74
A0A075B7F0,94
A0A087WSX0,72
A0A087WZW9,112
A0A096LPA0,47
A0A0A0MS00,56
A0A0A0MS13,103
A0A0A6YYH2,15
A0A0B4J1U8,84
A0A0B4J1V0,86
A0A0B4J1V0,97
A0A0B4J1V6,97
A0A0B4J1V7,38
A0A0B4J1X5,84
A0A0B4J1Y9,86
A0A0B4J1Y9,97
A0A0B4J280,89
A0A0C4DH24,68
A0A0C4DH34,95
A0A0C4DH38,31
A0A0C4DH38,38
A0A0C4DH39,38
A0A0J9YX57,201
A0A0U1RQV1,73
A0A0U1RQV1,89
A0AUZ9,815
A0FGR8,890
A0JNW5,1372
A0JNW5,1376
A0M8Q6,50
A0M8Q6,57
A0M8Q6,60
A0MZ66,485
A0MZ66,505
A1IGU5,637
A2A2Z9,934
A2A3L6,68
A2CJ06,125
A2RTY3,252
A2RUB1,408
A2RUB1,425
A2RUB1,441
A2RUR9,1244
A2RUR9,1252
A2RUU4,98
A3KMH1,399
A3KMH1,404
A3KMH1,428
A3KMH1,441
A4D2P6,786
A4FU49,435
A4UGR9,2089
A4UGR9,2639
A4UGR9,2679
A4UGR9,2681
A4UGR9,632
A4UGR9,634
A5D8W1,641
A5D8W1,652
A5D8W1,653
A5PKW4,416
A5PKW4,759
A5PLN7,572
A5PLN7,575
A6H8Y1,1271
A6H8Y1,387
A6H8Y1,392
A6H8Y1,394
A6H8Y1,687
A6H8Y1,697
A6H8Z2,18
A6NC86,147
A6NC97,255
A6NCI4,328
A6NDG6,61
A6NE02,302
A6NFE3,115
A6NFQ2,682
A6NG13,55
A6NG13,58
A6NGG8,117
A6NHS7,216
A6NHS7,230
A6NHT5,187
A6NHZ5,294
A6NJ46,243
A6NLX3,92
A6NLX3,94
A6NMK8,275
A6NMZ7,620
A6NMZ7,642
A6NMZ7,646
A6NN14,1037
A6NNS2,133
A6NNS2,138
A6NNS2,51
A6PVC2,508
A7E2U8,268
A7E2V4,596
A7E2V4,604
A7E2Y1,50
A7MBM2,288
A7MCY6,518
A8K2U0,1088
A8K2U0,227
A8K7I4,174
A8K855,240
A8MPS7,92
A8MTJ3,70
A8MU46,101
A8MU46,119
A8MVM7,264
A8MVM7,538
A8MWD9,20
A8MXQ7,179
A8MY62,59
A8MY62,60
A8MZ26,61
A8MZ26,83
A8TX70,1372
A8TX70,211
A8TX70,213
A8TX70,231
A9Z1Z3,1485
A9Z1Z3,842
A9Z1Z3,859
B1AJZ9,297
B1AJZ9,303
B2RC85,536
B2RNN3,66
B2RTY4,2526
B2RTY4,684
B9A064,104
H3BNC9,89
