ID,Position
P13686,116
Q9UMR5,190
P07949,151
P09466,46
P09466,81
Q13087,127
Q13087,284
Q13087,516
P43629,92
P43629,179
P43629,273
Q8NFP4,247
Q68D85,43
Q68D85,57
Q68D85,208
Q68D85,242
P55058,64
P55058,94
P55058,117
P55058,143
P55058,245
P55058,398
Q13332,263
Q13332,308
Q13332,733
P15309,94
P15309,220
P15309,333
P27918,428
Q15262,416
Q9P0L9,207
O60486,86
O60486,141
O60486,149
O60486,241
O60486,252
O60486,386
O60486,407
P16112,658
O15031,127
O15031,733
P07998,62
P07998,104
P07998,116
P78380,139
P56373,139
P56373,170
P56373,194
P56373,290
Q16849,506
Q16849,524
P10586,966
Q15293,53
Q9UBD6,48
Q8TEB7,101
Q15758,212
Q9HB40,126
Q86XR5,79
Q6ISU1,67
P15848,366
P02745,146
P27701,129
P27701,198
P23141,79
Q9BZJ8,12
P00451,601
P01588,51
P01588,65
P01588,110
P00488,614
Q9H0X4,314
Q9H0X4,389
Q9H0X4,473
P11362,296
P07359,37
P07359,175
P35052,79
P35052,116
Q5T6X5,121
Q5T6X5,259
Q5T6X5,332
Q5T6X5,378
Q5T6X5,452
Q5T6X5,555
Q5T6X5,567
Q9Y4L1,155
Q9Y4L1,515
Q9Y4L1,596
Q9Y4L1,830
Q9Y4L1,862
Q9Y4L1,869
Q9Y4L1,931
Q12794,99
Q12794,216
Q12794,350
Q2M3T9,177
Q86SR1,124
Q86SR1,146
Q86SR1,593
Q15399,51
Q15399,163
Q15399,330
Q15399,429
Q8NBN3,157
Q8NBN3,160
O00300,178
P40879,153
P40879,161
P40879,165
Q9UP52,339
Q9UP52,754
P30825,226
Q9UH99,636
P05106,125
P05106,346
P05106,397
P05106,585
P05106,680
O00584,76
O00584,106
O00584,212
Q92187,74
Q9NY15,1096
Q9NY15,1626
Q9NY15,1727
Q9NY15,2347
Q9NY15,2424
O43157,1253
O43157,1330
Q8WTV0,102
Q8WTV0,330
P61009,141
Q4U2R8,39
Q4U2R8,56
Q4U2R8,92
Q4U2R8,97
Q4U2R8,113
P07602,80
P07602,101
P07602,215
P07602,332
P07602,426
P08842,47
P08842,259
P16144,695
P06858,70
P06858,386
Q13563,299
Q13563,305
Q13563,328
Q13563,362
Q13563,375
P21810,270
P21810,311
Q969N2,164
Q8NBJ7,191
O60603,114
O60603,199
O60603,414
O60603,442
Q9H330,551
Q9HBX9,36
Q9HBX9,127
Q9HBX9,264
Q9HBX9,272
Q9HBX9,325
Q9HBX9,368
Q9BZV2,45
Q9BZR6,82
Q9BZR6,179
O43556,200
Q15465,278
P40200,277
P40200,278
P02786,251
P02786,317
P02786,727
P22891,99
P22891,225
P22891,233
P22891,332
P50897,197
P50897,212
P50897,232
Q16769,49
Q9Y210,473
Q9Y210,561
Q6UX71,103
Q6UX71,160
P04843,299
Q14108,45
Q14108,68
Q14108,105
Q14108,206
Q14108,224
Q14108,249
Q14108,304
Q14108,325
Q14108,412
P01137,82
O14656,143
O14656,158
Q9UIW2,77
Q9UIW2,1043
Q04118,87
Q04118,255
P41222,51
P41222,78
P48230,124
P19075,118
P35542,94
Q6U841,677
Q6U841,687
Q6U841,697
O75326,105
O75326,157
O75326,258
O75326,330
O75326,602
Q9NRX5,298
Q92673,99
Q92673,1733
Q92673,2010
Q92673,2076
Q92673,2092
Q8IWU6,197
Q9Y274,308
P13866,248
Q16842,211
Q9Y3P8,26
Q9BVK6,125
Q6ZUK4,110
P02743,51
Q16585,158
Q16585,211
Q14515,412
Q6UWL2,253
Q9UGT4,522
Q92854,49
Q92854,77
Q92854,139
Q92854,191
Q92854,329
Q92854,379
Q92854,419
P35499,362
P35499,1205
Q15858,283
Q15858,1352
Q15858,1366
Q15858,1375
Q496J9,534
Q496J9,559
Q496J9,565
Q5JTV8,399
P02766,118
Q9BVG9,181
Q8WZ75,246
Q9H173,193
P19634,75
Q9H741,67
O00241,244
Q9NYV8,153
P35442,584
P35442,710
P35442,1069
Q9Y286,105
O95497,38
O95497,130
O95497,283
O95497,315
O95497,353
P11117,92
P11117,133
P11117,167
P11117,177
P11117,191
P11117,267
P11117,322
P11117,331
P20742,406
P20742,932
P20742,997
P20742,1430
P05187,144
P05187,271
P10163,87
Q92954,1159
P16662,68
O60656,71
O60656,292
O60656,344
P04004,86
P04004,169
P04004,242
Q9UJ37,85
Q9UJ37,130
Q9UJ37,161
Q8NBK3,141
Q8IWU5,198
Q96JA1,74
Q96JA1,150
Q96JA1,246
Q96JA1,292
Q96JA1,318
Q96JA1,684
P04156,181
P04156,197
Q96DU3,178
P10646,145
P10646,195
P10646,202
P10646,203
Q9NR97,80
Q9NR97,88
Q9NR97,293
Q9NR97,395
Q9NR97,511
Q9NR97,546
Q9NR97,590
Q9NR97,640
Q9NR97,680
P02787,432
P02787,491
P02787,630
Q03405,74
Q687X5,323
Q02763,140
Q02763,596
Q6EMK4,101
Q6EMK4,117
Q6EMK4,273
P15151,120
P15151,278
P15151,307
P15151,352
P15151,360
P43308,88
P43308,104
Q14392,308
P33527,19
P33527,23
P33527,1006
Q96PD5,77
Q96PD5,367
Q96PD5,485
Q9Y4D7,500
Q6P4A8,411
P31645,208
P31645,217
Q9Y694,91
P41440,58
Q08357,81
Q12884,49
Q12884,92
Q12884,99
Q12884,227
Q12884,314
Q99523,162
Q99523,406
Q99523,582
Q8IVB4,96
P08294,107
P08294,229
P08294,230
P15907,149
P15907,161
P46977,537
P46977,544
P46977,548
Q96J66,838
Q96J66,844
P43121,467
Q9Y6L6,134
Q9Y6L6,503
Q9Y6L6,516
O43173,93
O43173,113
O43173,160
O43173,206
Q96CC6,583
Q13433,67
Q13433,241
Q9UKJ1,100
P31641,190
P78324,245
P78324,270
P78324,292
Q8TCJ2,623
Q8TCJ2,627
O00469,209
O00469,522
Q04912,488
Q14542,48
Q14542,57
P14410,99
P14410,455
P14410,855
P14410,904
P43007,201
P43007,206
O60568,63
O60568,548
Q8NHP8,88
Q8NHP8,110
Q8NHP8,231
Q8NHP8,436
Q8NHP8,465
Q8NHP8,515
Q86YT5,562
Q9NPR2,69
Q9NPR2,410
Q9HAT2,401
Q9HAT2,422
Q9C0H2,144
Q9C0H2,351
Q9UHI7,138
Q9UHI7,144
Q07699,93
Q07699,110
Q07699,114
Q07699,135
Q8NBP7,533
Q7Z4H8,61
Q7Z4H8,306
P23471,105
Q8TCT8,155
P51688,41
P51688,151
P51688,264
P51688,413
Q0P6H9,180
P16473,77
P16473,99
P16473,113
P16473,177
P16473,198
P16473,302
Q8WWQ8,1743
Q96JJ7,258
O60635,141
O60635,154
O60635,178
O60635,184
Q8NBL1,40
Q8NBL1,53
Q8NBL1,204
Q8NBL1,373
P09486,116
P04275,1515
P04275,2546
P49908,83
P49908,119
P49908,128
Q13586,131
Q13586,171
P35354,53
P35354,130
P35354,396
P35354,580
O60602,37
O60602,46
O60602,245
O60602,342
O60602,422
O60602,595
O60602,598
P04001,34
Q7Z7G0,44
P07996,248
P07996,1067
Q6H3X3,82
P35503,142
P19320,561
Q92823,276
Q92823,858
P01266,76
P01266,110
P01266,198
P01266,484
P01266,529
P01266,748
P01266,816
P01266,947
P01266,1220
P01266,1348
P01266,1349
P01266,1365
P01266,1716
P01266,1774
P01266,1869
P01266,2013
P01266,2122
P01266,2250
P01266,2295
P01266,2582
Q9NZC2,20
Q9NZC2,79
O60507,60
O60507,262
P17643,96
P17643,104
P17643,181
P17643,304
P17643,350
P17643,385
P23510,152
O75509,82
O75509,141
O75509,252
O75509,257
O75509,278
O75509,289
P25311,109
P25311,112
P25311,128
P25311,259
Q92956,110
P56704,87
P56704,298
Q9H0C3,353
Q9H0C3,371
P04216,42
P04216,119
P40225,197
P40225,206
P40225,234
P40225,255
P01374,96
O95498,411
Q9NQA5,358
Q96D15,140
Q7Z418,70
Q9UQV4,291
P78509,305
P78509,1920
P78509,3015
Q9P1W8,243
Q7Z5L7,281
Q7Z5L7,299
Q9HCB6,214
Q92626,1178
P21453,30
Q9UBV2,272
Q9UBV2,431
Q9UBV2,608
O60939,66
P21583,90
P21583,118
P21583,145
Q32P28,540
Q92508,2294
Q9H2E6,33
Q9H2E6,65
Q9H2E6,434
P04278,380
P04278,396
Q8N474,173
Q8IW75,221
Q8IW75,233
Q8IW75,267
Q99808,48
Q15043,77
Q15043,87
Q15043,102
Q99250,340
Q99250,1368
Q99250,1382
Q99250,1393
O60938,298
P03956,120
O60487,39
Q99572,187
Q99572,202
Q99572,213
Q99572,241
Q99572,284
P55085,30
P55085,222
P14222,205
Q6UWI2,80
Q8IV08,97
Q8IV08,132
Q12913,342
Q12913,351
Q12913,391
Q12913,396
Q12913,413
Q12913,937
Q15165,254
P27169,253
P27169,324
P07738,3
P07738,5
P07738,18
P07738,43
P07738,159
P07738,197
P28827,131
Q969I6,260
Q969I6,264
Q9Y6M7,776
Q9Y6M7,786
Q9Y6M7,791
Q9Y6R1,641
Q9Y6R1,661
P04844,106
P01579,48
P01579,120
Q9NPH3,107
Q9NPH3,111
Q9NPH3,118
Q9NPH3,209
Q16820,218
Q16820,254
Q16820,370
Q16820,436
Q16820,445
Q16820,547
Q16820,592
P11279,37
P11279,45
P11279,62
P11279,76
P11279,84
P11279,103
P11279,107
P11279,121
P11279,130
P11279,165
P11279,181
P11279,223
P11279,228
P11279,241
P11279,249
P11279,261
P11279,293
P11279,322
Q14112,1124
O14786,150
O14786,261
O14786,522
Q8NHS3,371
Q8NHS3,376
Q16236,462
Q16236,472
Q16236,487
Q16236,499
Q16236,569
Q16236,574
P41145,25
P41145,39
Q9Y624,185
Q9UHG3,196
Q9UHG3,323
Q9UHG3,353
P22897,1205
P04070,290
P04070,355
P04070,371
P05111,268
P05111,302
Q06033,91
Q06033,580
P15382,5
P15382,26
Q16620,67
Q16620,95
Q16620,121
Q16620,178
Q16620,205
Q16620,241
Q16620,254
Q16620,280
Q16620,338
Q16620,412
P48357,23
P48357,41
P48357,56
P48357,73
P48357,81
P48357,98
P48357,187
P48357,206
P48357,276
P48357,347
P48357,397
P48357,516
P48357,624
P48357,659
P48357,688
P48357,697
P48357,728
P48357,750
Q9GZU1,230
Q9Y6A1,471
Q13797,225
P14151,60
P14151,104
P14151,177
P23470,113
P23470,444
P20701,188
P19823,118
P19823,445
O75023,279
O00754,367
O00754,766
O00754,930
Q4ZIN3,189
Q9NZ20,167
Q9NZ20,280
Q96FE7,66
O95256,119
O95256,152
O95256,345
P58166,198
Q6GTX8,69
P25391,2243
P24043,363
P24043,1901
P24043,1916
P24043,1920
P24043,2017
P24043,2648
Q9Y4K0,455
Q9Y4K0,644
P17050,124
P17050,177
P17050,201
P17050,385
Q6NSJ0,250
Q9UBM4,312
P01833,83
P01833,90
P01833,135
P01833,186
P01833,421
P01833,469
P01833,499
P00709,64
P00709,90
Q9Y5X9,393
P21757,221
Q99102,1809
Q99677,183
P16109,54
Q9H0V9,181
Q96RQ9,220
Q96RD7,255
Q12866,442
Q96E22,144
Q96E22,271
P61916,58
P61916,135
P04629,95
P04629,121
P04629,188
P04629,262
P04629,281
P04629,358
Q9H488,62
Q9H488,160
Q09328,433
Q9UQQ1,136
Q9UQQ1,299
Q9UQQ1,334
Q9UQQ1,345
Q9UQQ1,451
Q9UQQ1,492
Q15063,599
P12273,105
Q9Y2G5,189
Q9Y2G5,259
P01889,110
P05112,62
Q14624,81
Q14624,207
Q14624,274
Q14624,517
Q14624,577
Q8IU57,29
Q8IU57,36
Q8IU57,142
Q96FE5,144
Q96FE5,202
Q96FE5,264
Q96FE5,274
Q96FE5,293
Q96FE5,341
Q96FE5,492
Q15116,49
Q15116,58
Q15116,74
Q15116,116
Q9HC84,145
Q9HC84,254
Q9HC84,1556
Q9HC84,4960
Q9HC84,5017
Q9HC84,5024
Q9HC84,5046
Q9HC84,5096
Q9HC84,5111
Q9HC84,5215
Q8N0W4,102
Q8N0W4,511
Q92542,45
Q92542,55
Q92542,187
Q92542,264
Q92542,387
Q92542,435
Q92542,464
Q92542,506
Q92542,530
Q92542,562
Q92542,573
Q92542,580
Q92542,612
P42702,131
P42702,303
P42702,407
P42702,426
P10253,140
P10253,233
P10253,390
P10253,470
P10253,652
P10253,882
P10253,925
O43567,88
Q8TB96,188
Q9HAW9,292
Q9HAW9,344
Q86Y38,777
P36955,285
P36537,314
Q15661,233
P20061,216
P20061,316
P20061,337
P20061,343
P20061,349
P20061,354
P20061,369
Q96J42,293
Q16563,71
Q92545,300
Q7Z2W7,934
P01848,32
P01848,66
O15455,52
O15455,57
O15455,70
O15455,124
O15455,196
O15455,247
O15455,252
O15455,265
O15455,275
O15455,291
O15455,398
O15455,413
O15455,507
O15455,636
Q9NY47,386
P07711,221
P53634,29
P53634,53
P53634,119
P53634,276
P0C0L4,226
P0C0L4,862
P0C0L4,1328
P0C0L4,1391
P17813,134
Q9GZR5,20
Q9NZU0,226
P15328,69
P15328,161
P15328,201
P28472,33
P28472,105
P28472,174
P07686,84
P07686,142
P07686,190
P07686,327
P05154,249
P05154,262
P05154,338
P07942,1279
Q13449,300
Q08431,228
Q08431,238
Q08431,325
Q08431,329
Q08431,350
P42785,101
P42785,317
P42785,336
P42785,345
P42785,415
Q12809,598
Q8WWZ8,291
Q9NP85,287
O00391,130
O00391,243
O60462,152
O60462,157
P08100,15
Q9H813,155
Q9H813,162
Q96NT5,58
Q96NT5,68
P07585,211
P07585,262
P02812,230
P02812,272
P32004,671
Q9H306,55
Q9H306,110
Q9H306,452
P09619,89
P09619,103
P09619,215
P09619,230
P09619,292
P09619,307
Q6UXH9,614
Q02083,37
Q02083,107
Q02083,309
Q02083,333
Q6PIU2,287
Q9BXB1,68
Q9BXB1,199
Q99784,103
Q99784,187
Q99784,288
Q99784,394
Q7RTW8,211
P22079,212
P22079,358
P05186,430
P07225,530
O00180,95
P13674,113
P16284,52
P16284,84
P16284,151
P16284,320
P16284,453
P16284,551
P28067,41
P51654,124
P51654,241
P51654,418
Q9Y5L3,443
P12318,97
P12318,178
Q68CQ7,249
P04439,110
Q14623,282
Q13683,1025
P19827,285
P19827,588
P19827,750
P17405,88
P17405,177
P17405,337
P17405,397
P17405,505
P17405,522
O00481,115
O00478,115
P07358,243
P28068,110
P48546,62
P48546,77
P78363,98
P78363,415
P78363,444
P78363,504
P78363,1469
P78363,1529
P78363,1588
P78363,1662
P01023,55
P01023,70
P01023,247
P01023,396
P01023,410
P01023,869
P01023,991
P01023,1424
Q4KMQ2,493
P09871,174
P09871,406
Q9NS84,407
P12111,2079
P12111,2677
Q96D31,223
P52803,37
P05981,112
P0DOX3,354
P0DOX3,445
P0DOX3,496
P01589,70
P01589,89
P01859,176
Q16790,346
P09668,101
P09668,230
P02675,394
Q14332,53
O94923,225
O94923,303
O94923,393
Q8IV16,78
P40189,43
P40189,83
P40189,131
P40189,157
P40189,227
P40189,379
P40189,383
P40189,390
P40189,553
P40189,564
Q01638,95
Q01638,140
Q01638,191
P06213,43
P06213,52
P06213,138
P06213,242
P06213,282
P06213,364
P06213,424
P06213,445
P06213,541
P06213,769
P06213,920
Q99062,134
Q14126,112
Q14126,182
Q14126,462
Q02487,392
Q02487,546
Q02487,629
Q86YB8,140
Q04609,51
Q04609,76
Q04609,121
Q04609,140
Q04609,153
Q04609,195
Q04609,336
Q04609,459
Q04609,476
Q04609,638
P06865,115
P06865,157
P06865,295
P04196,63
P04196,125
P04196,344
Q01151,79
P33681,53
P33681,89
P33681,186
P33681,207
P33681,226
Q9P232,489
Q9P232,860
Q9P232,931
Q9P0K1,519
Q9P0K1,634
Q9P0K1,675
P22792,228
P22792,348
P22792,359
P22792,518
Q53GD3,69
Q53GD3,155
Q53GD3,197
Q53GD3,393
Q53GD3,416
P52799,36
P16871,49
P16871,65
P16871,151
Q5VWK5,29
Q5VWK5,47
Q5VWK5,81
Q5VWK5,141
Q5VWK5,180
Q5VWK5,232
Q5VWK5,262
Q5VWK5,273
P35475,110
P35475,372
P35475,415
P35475,451
Q9BUF7,36
P08174,95
Q08345,211
Q08345,260
P34059,204
P34059,423
P39905,126
P14784,43
P14784,71
P14784,149
P01591,71
P06756,74
P06756,290
P06756,296
P06756,488
P06756,554
P06756,615
P06756,704
P06756,874
P02749,162
P02749,183
P02749,193
P02749,253
Q7KYR7,114
Q7KYR7,120
Q13231,100
P49961,73
P49961,292
Q5UCC4,182
P15509,229
P08709,205
P08709,382
P47871,46
P47871,59
P47871,74
P47871,78
Q13255,223
O76096,62
O76096,115
P01903,103
P01903,143
O95633,73
O95633,215
P19440,95
P19440,120
P19440,230
P19440,266
P19440,297
P19440,344
P19440,511
P11166,45
P22303,296
P22303,381
P22303,495
Q8IYJ1,95
P40197,181
P40197,243
O95342,109
O95342,116
O95342,122
O95342,125
P28039,59
P28039,207
P28039,409
P28039,466
P12643,338
P61769,21
P61769,39
P61769,61
P61769,68
P61769,78
P61769,111
P61769,114
O75493,118
Q14393,420
P0C0L5,226
P0C0L5,1328
P0C0L5,1391
O60494,984
O60494,1092
O60494,1168
O60494,1217
O60494,1285
O60494,1307
O60494,1319
O60494,1332
Q9UBS4,261
Q02413,110
Q8IXL6,101
Q8IXL6,335
Q8IXL6,470
Q9Y6R7,75
Q9Y6R7,91
Q9Y6R7,1317
Q9Y6R7,1743
Q9Y6R7,2138
Q9Y6R7,2518
Q9Y6R7,3719
P50895,439
P20933,38
P20933,308
P08603,217
P08603,529
P08603,718
P08603,802
P08603,822
P08603,882
P08603,911
P08603,1029
P08603,1095
Q6UX04,201
O43854,140
Q14517,3422
Q14517,3716
Q86XS8,40
P01008,128
P01008,167
P01008,187
P01008,224
Q10588,95
Q10588,192
P43251,119
P43251,150
P43251,203
P43251,349
P43251,402
P20851,64
P20851,71
P20851,98
O60911,221
O60911,292
Q6WN34,114
P79483,48
Q9Y6X5,155
Q9Y6X5,166
Q9Y6X5,386
Q7Z2K6,730
Q15485,240
Q8TAL6,30
Q9NQ11,1033
P51689,347
Q6UY14,490
P20160,126
P20160,140
P20160,171
P12830,558
P12830,570
P12830,622
P12830,637
P29016,38
P29016,75
Q99795,112
A6NH11,276
Q6PCB8,213
Q6PCB8,218
O95477,98
O95477,244
P07306,79
P07306,147
Q96DR5,124
Q96DR5,132
P55290,86
P55290,500
P55290,530
P55290,638
Q14CN2,811
Q9Y6C2,415
Q9Y6C2,455
Q9Y6C2,766
Q9Y6C2,794
Q96HE7,280
A8MVW0,66
P23142,98
P23945,191
Q8N139,940
Q9UBX1,367
Q9UBX1,378
Q9UBX1,440
Q9BZQ6,195
P12259,297
P12259,460
P12259,821
P12259,977
P12259,1559
Q5VUB5,159
Q5VUB5,194
O43155,202
P10144,71
P10144,104
P0DOX2,162
P0DOX2,207
P0DOX2,246
P0DOX2,320
P0DOX2,442
P29017,38
P29017,75
P29965,240
Q9UHP7,95
Q9UHP7,147
Q30154,48
P42658,173
P42658,319
P42658,404
P42658,535
P42658,566
P42658,813
Q9UMD9,1421
Q6UWV6,100
Q6UWV6,121
Q6UWV6,146
Q6UWV6,168
Q6UWV6,267
Q8IZA0,472
Q8IZA0,525
O60242,540
O60242,625
P0DUB6,427
P19801,110
P19801,538
P19801,745
P02649,93
O75629,160
O75629,193
O75629,216
Q9H4A9,111
Q9H4A9,235
P21918,7
Q14314,179
Q14314,336
P68871,2
P68871,9
P68871,18
P68871,67
P68871,121
P68871,145
Q9H252,449
O15229,465
P04839,132
P04839,149
P04839,240
Q96AP7,169
P00748,249
P00748,433
P36888,43
P36888,100
P36888,151
P36888,306
P36888,323
P36888,351
P36888,354
Q9BVA6,275
Q9BVA6,446
P35556,1112
P69905,8
P69905,17
P69905,41
P69905,62
P05546,49
P05546,188
P05546,387
Q8TCT9,10
Q8TCT9,20
P11047,650
P11047,1107
P11047,1161
P11047,1175
P11047,1223
P11047,1241
P11047,1395
P08195,365
P08195,381
P08195,424
P08195,506
P02750,79
P02750,186
P02750,269
P02750,325
P43652,33
P43652,109
P43652,383
P43652,402
P43652,488
Q86SQ4,143
Q86SQ4,324
Q86SQ4,438
Q86SQ4,445
O14672,278
Q8IWV2,65
P0DOX4,145
P0DOX4,173
P0DOX4,219
P0DOX4,265
P0DOX4,371
P0DOX4,394
P17301,343
P48551,87
P48551,192
P48048,117
Q8NFT8,223
Q4G148,237
Q4G148,278
P02765,156
P02765,176
O75976,172
O75976,811
O75976,955
O75976,1070
P05156,70
P05156,103
P05156,177
P05156,464
P05156,494
P05156,536
Q5ZPR3,322
Q5ZPR3,407
P09564,96
P20827,26
O00748,111
Q9Y282,241
O60609,309
P13224,66
P01130,156
P01130,272
P01130,657
P06315,40
O94905,106
P28799,118
P28799,265
P28799,368
P28799,530
P35575,96
P56199,100
P56199,105
P56199,217
P56199,341
P56199,418
P56199,460
P56199,532
P56199,780
P56199,840
P56199,966
P56199,974
P56199,1008
P01854,21
P01854,49
P01854,99
P01854,275
P27930,112
P27930,219
P01876,144
P01876,340
P29460,222
P01860,227
P01860,322
P18564,260
Q6P5S2,69
O94907,256
Q6P179,85
Q6P179,119
Q6P179,219
Q6P179,405
Q6P179,650
Q9UGM5,37
Q9UGM5,136
P04066,241
P04066,382
Q96J84,297
P42892,166
P42892,210
P42892,270
P42892,316
P42892,362
P42892,383
Q9BXX0,616
Q9UM22,130
P13473,101
P13473,123
P13473,179
P13473,229
P13473,242
P13473,257
P13473,275
P13473,300
P13473,307
P13473,317
P13473,356
Q07075,98
Q07075,124
Q07075,197
Q07075,324
Q07075,340
Q07075,554
Q07075,597
Q07075,607
Q07075,678
Q07075,763
Q07075,773
Q07075,801
Q07075,828
P05090,65
P05090,98
P33151,61
P33151,112
P33151,157
P33151,362
P33151,442
P33151,523
P33151,535
P00736,125
P00736,221
P00736,514
P01730,296
P01730,325
O96005,295
Q6UVK1,2075
O60676,39
P12319,46
P12319,67
P12319,99
P12319,165
P12319,191
Q02985,108
Q02985,205
Q02985,309
Q9NYQ8,3904
Q13510,173
Q13510,259
Q13510,286
Q13510,342
P54709,240
P07307,102
P07307,170
Q9NY97,79
Q9UBR2,184
Q96IY4,44
Q96IY4,73
Q96IY4,85
Q96IY4,108
Q96IY4,241
P20138,100
Q9HBB8,81
Q9HBB8,308
Q96KN2,322
Q96KN2,382
O75356,232
Q969X5,74
Q8IUA7,949
P54802,261
P54802,272
P54802,435
P54802,503
P54802,526
P54802,532
P05160,162
P05160,545
P13688,104
P13688,111
P13688,152
P13688,208
P13688,224
P13688,363
P13688,378
P13688,405
Q01459,299
Q9NZ08,70
Q9NZ08,154
Q9NZ08,414
Q9NZ08,760
P05026,158
P05026,193
P05026,265
Q8N6G6,251
Q10589,65
Q10589,92
O43852,131
P23435,79
Q99467,78
Q99467,402
Q99467,451
Q9H3G5,81
Q9H3G5,132
Q9H3G5,346
P29317,435
P21860,250
P21860,353
P21860,408
P21860,414
P21860,437
P21860,469
P21860,522
P21860,566
P02647,263
P35613,160
P35613,268
P27797,344
P06276,45
P06276,85
P06276,134
P06276,269
P06276,284
P06276,369
P06276,483
P06276,509
P06276,513
P06276,514
P28845,123
P28845,162
P19652,33
P19652,56
P19652,72
P19652,93
P19652,103
O95264,52
O95264,96
O95264,138
O95264,168
O95264,203
P02768,36
P02768,75
P02768,161
P02768,186
P02768,223
P02768,249
P02768,257
P02768,300
P02768,305
P02768,337
P02768,341
P02768,347
P02768,375
P02768,402
P02768,437
P02768,463
P02768,468
P02768,549
P02768,558
P02768,560
P02768,569
P02768,597
P30533,268
Q9NR16,1161
P16671,205
P16671,321
P16671,417
Q08722,23
Q08722,50
Q08722,73
Q08722,111
Q5VTT2,75
P06126,37
P06126,74
P06126,145
P04114,185
P04114,1523
P04114,2239
P04114,2779
P04114,2982
P04114,3101
P04114,3224
P04114,3358
P04114,3411
P04114,3465
P04114,3895
Q9HD20,420
Q9GZN4,70
P09326,104
P09326,189
P07357,437
P15391,86
P15391,125
P01911,48
P09172,64
P09172,184
P09172,566
O95490,629
P0DTE8,427
P55285,399
P09693,52
P09693,92
P08572,138
P51797,410
P51797,422
P51797,432
Q9BT09,153
P24855,40
P49184,261
P32926,459
P32926,545
Q16570,16
P30556,4
Q96PS8,133
P18850,472
P18850,584
P18850,643
P36222,60
O75503,130
O75503,143
O75503,178
O75503,203
O75503,255
O75503,271
O75503,281
O75503,352
P01009,70
P01009,107
P01009,271
P04746,476
Q13410,55
Q13410,215
P08185,31
P08185,96
P08185,330
P08185,369
P15813,38
P15813,60
P80370,100
P80370,165
P80370,172
P06280,139
P06280,192
P06280,215
P0DTE7,427
P51690,125
P02730,642
Q9NV96,107
Q9NV96,180
Q9NV96,190
Q9NV96,294
Q9UI42,260
Q7Z4R8,53
Q02246,904
P06681,112
P06681,333
P06681,467
P06681,471
P06681,621
P06681,651
P13671,324
P13671,855
Q9NZK5,127
Q9NZK5,174
Q9NZK5,185
Q9NZK5,378
P00751,122
P00751,142
P00751,285
P00751,291
P00751,378
P10747,37
P10747,71
P10747,105
P10747,129
P13569,894
P13569,900
P25940,102
P25940,141
P04217,44
P04217,179
P04217,363
P04217,371
P22760,78
P22760,282
O00468,135
Q9HDC9,160
Q9HDC9,196
P15289,158
P15289,184
P15289,350
Q13705,42
Q13705,65
Q9Y646,179
Q9Y646,353
Q9Y646,356
Q96KA5,229
Q6MZM0,161
Q6MZM0,407
Q6MZM0,772
P01031,741
P01031,911
P01031,1630
Q16610,444
P27487,85
P27487,92
P27487,150
P27487,219
P27487,229
P27487,281
P27487,321
P27487,520
P27487,685
P12314,59
P12314,78
P12314,152
P12314,159
P12314,163
P12314,195
P31995,187
Q495W5,443
P01215,76
P01215,102
P43220,63
P43220,82
P43220,115
Q68CP4,142
Q9ULI3,159
Q9ULI3,520
P61073,11
Q9UGM3,1712
Q9UGM3,1889
Q9UGM3,2188
O75636,189
Q14697,97
Q13478,91
Q13478,102
Q13478,150
Q13478,197
Q13478,203
Q13478,236
Q13478,297
Q9UMF0,54
Q9UMF0,74
Q9UMF0,137
Q9UMF0,195
Q9UMF0,214
Q9UKX5,331
Q9Y287,170
Q12907,183
Q7Z7M0,1271
P06731,246
P06731,560
P28907,100
P28907,209
P28907,219
Q96G23,19
P11597,105
P11597,257
P11597,358
P24071,141
P24071,177
P02751,430
P02751,528
P02751,542
P02751,877
P02751,1007
P02751,1244
P02751,2199
Q03591,126
Q03591,194
P98095,1035
Q9P2B2,44
Q9P2B2,286
Q9P2B2,300
Q9P2B2,383
Q9P2B2,413
Q9P2B2,525
Q9P2B2,600
Q9P2B2,618
Q9P2B2,691
Q8IWF2,143
Q92820,163
Q92820,203
Q92820,307
P36269,550
P42262,370
Q04756,468
O75144,70
O75144,186
O95998,103
O95998,147
Q9Y337,208
P07098,34
P07098,99
P07098,271
P07098,327
P08637,63
P08637,180
Q11130,81
Q11130,291
Q14956,200
Q14956,249
Q14956,275
Q14956,296
Q14956,300
Q14956,306
Q8NBJ5,96
Q8NBJ5,381
P02679,78
P02671,453
P02671,686
Q5SZK8,1741
O75899,90
O75899,389
O75899,404
O75899,453
P14207,115
P14207,195
P04921,8
P10321,110
P17181,58
P17181,110
P17181,172
P17181,313
P04626,68
P04626,259
P04626,530
P04626,571
O75477,108
P05231,73
P05000,101
Q70UQ0,144
Q70UQ0,328
P05107,50
P05107,116
P05107,212
Q9UKR0,24
P15586,183
P15586,279
P15586,317
P15586,387
P15586,422
P01877,47
P01877,92
P01877,131
P01877,205
P01877,327
P18510,109
P48740,49
P48740,178
P48740,385
P48740,407
P48740,533
P48740,599
Q14118,661
P04062,58
P04062,98
P04062,185
P04062,309
Q96QV1,447
Q96PD4,83
P48549,119
P04233,136
P04233,256
P22304,115
P22304,144
P22304,246
P22304,280
P22304,325
P22304,513
P22304,537
P18428,394
P08581,106
O43451,295
O43451,479
O43451,827
P02760,36
P02760,115
P02760,250
P48960,371
P48960,453
Q9HBW9,249
Q8IUX7,528
Q8IUX7,922
Q6IWH7,809
Q6IWH7,824
P49747,742
Q95460,107
P31785,71
P31785,84
P31785,159
P03952,127
P03952,308
P03952,396
P03952,453
P03952,494
Q14766,1366
Q9HBG7,285
P54317,353
P02724,45
P05362,130
P05362,145
P05362,183
P05362,202
P05362,267
P05362,296
P05362,385
P32927,58
P32927,191
Q14627,215
P06870,102
P06870,108
P06870,165
P55268,1308
P55268,1348
P55268,1499
Q8N6C8,140
Q8N6C8,281
Q8N6C8,302
Q8N6C8,341
Q8N6C8,431
Q9Y5Y7,53
Q9BYF1,53
Q9BYF1,90
Q9BYF1,103
Q9BYF1,322
Q9BYF1,432
Q9BYF1,546
O14791,261
P20036,149
P14625,62
P14625,107
P14625,217
P14625,445
P22413,341
P22413,643
P22413,748
Q13822,525
O14638,236
O14638,279
O14638,290
O14638,426
O14638,533
O14638,582
O14638,594
O14638,687
O14638,699
O14638,789
P19022,273
P19022,402
P19022,572
P19022,692
P07858,192
A6NMZ7,198
A6NMZ7,275
A6NMZ7,288
A6NMZ7,930
A6NMZ7,988
A6NMZ7,1290
Q9Y5C1,115
Q9Y5C1,296
Q9Y5C1,357
Q76LX8,552
Q76LX8,614
Q76LX8,667
Q76LX8,707
Q76LX8,1354
P07339,134
P07339,263
P25774,104
P41180,261
P41180,287
P41180,446
P41180,468
P41180,488
P41180,541
P41180,594
P30203,28
P30203,49
P30203,229
P12821,38
P12821,54
P12821,74
P12821,111
P12821,146
P12821,318
P12821,445
P12821,509
P12821,695
P12821,714
P12821,760
P12821,942
P12821,1191
P01011,33
P01011,93
P01011,106
P01011,127
P01011,186
P01011,271
P15144,128
P15144,234
P15144,265
P15144,319
P15144,527
P15144,573
P15144,625
P15144,681
P15144,818
Q9BXN1,282
Q7Z3C6,99
Q92484,69
Q92484,131
Q92484,222
Q92484,263
Q92484,356
O75882,264
O75882,300
O75882,383
O75882,416
O75882,428
O75882,575
O75882,623
O75882,731
O75882,1043
O75882,1073
O75882,1198
O75882,1250
O75882,1259
Q6ZMM2,218
P08236,173
P08236,272
P08236,631
Q9BY67,101
Q9BY67,113
Q9ULX7,213
Q9Y4C5,243
Q9Y4C5,457
Q9Y4C5,475
Q13740,91
Q13740,95
Q13740,167
Q13740,265
Q13740,457
Q13740,480
Q13740,499
Q6UVW9,78
Q6UVW9,130
P21589,311
P21589,333
P21589,403
O95445,135
P55056,63
Q9NY35,72
Q86VB7,105
Q86VB7,140
Q86VB7,767
Q86VB7,1027
P40199,197
P40199,224
Q6YHK3,68
Q6YHK3,118
Q6YHK3,247
Q6YHK3,419
P01019,47
P01019,170
P01019,304
P01019,328
P05067,542
Q9UNQ0,596
P35858,368
P35858,515
Q8IZF2,256
Q8IZF2,315
Q9H6X2,184
Q16853,137
Q16853,232
Q16853,294
Q16853,592
Q16853,618
Q16853,666
Q9UNA0,498
Q9BZW8,71
Q9BZW8,77
Q9BZW8,89
P06729,89
P06729,141
P06729,150
P08962,130
P13987,43
P13987,66
Q12860,494
P12109,212
P12109,516
P12109,804
P12109,896
P08571,151
P08571,282
P08571,323
Q5QGZ9,98
P02748,277
P02748,415
P01871,46
P01871,209
P01871,272
P01871,279
P01871,440
Q9GZX6,54
Q9GZX6,97
Q969P0,327
Q969P0,463
P13612,480
P13612,518
P13612,538
P13612,645
P20645,83
P20645,107
O95297,50
O95297,130
P29622,108
P29622,157
P29622,238
P16581,25
P16581,145
P16581,160
P16581,179
P16581,199
P16581,203
P16581,265
Q16706,78
Q16706,1125
Q8NCC3,99
Q8NCC3,273
Q8NCC3,289
Q8NCC3,398
P23276,191
P38484,56
P38484,85
P38484,110
P38484,137
P38484,219
P38484,231
P15018,31
P15018,56
P15018,85
P15018,95
P15018,118
P15018,138
Q15223,72
Q15223,139
Q15223,202
Q15223,332
Q5SQ64,88
P55083,87
P55083,137
Q9H8L6,845
Q16363,557
Q16363,578
Q16363,581
Q16363,742
Q16363,787
Q16363,810
P51884,88
P51884,160
Q96G30,9
P13591,459
O15394,445
O15394,562
Q86VZ1,5
Q86VZ1,11
Q9NZQ7,192
Q08380,69
Q08380,125
Q08380,192
Q08380,398
Q08380,551
Q08380,580
P45452,117
P80188,85
Q9NQS3,73
Q9NQS3,125
Q9NQS3,186
Q9NQS3,222
Q9NQS3,331
Q9Y639,229
Q9Y639,284
Q9Y639,296
Q8N608,90
Q8N608,111
Q8N608,119
Q8N608,257
Q8N608,342
Q8N608,748
P36268,511
P41594,445
Q07954,446
Q07954,729
Q07954,1511
Q07954,1575
Q07954,1616
Q07954,1645
Q07954,1763
Q07954,2127
Q07954,2815
Q07954,3048
Q07954,3089
Q07954,3488
Q07954,3788
Q07954,3953
Q07954,4075
Q07954,4125
P02790,64
P02790,187
P02790,240
P02790,246
P02790,453
P20702,61
P20702,392
P20702,697
P20702,735
P20702,899
P11215,900
P11215,940
P11215,946
P16150,239
Q8IW45,240
Q15155,618
Q9UHC9,54
Q9UHC9,138
O94856,409
Q96CW9,122
Q96CW9,128
P01880,225
P01880,316
P01880,367
P0DOX6,170
P0DOX6,332
P0DOX6,395
P0DOX6,402
P0DOX6,563
P08069,51
P08069,135
P08069,244
P08069,314
P23229,323
P23229,997
Q9UEW3,136
P20916,99
P20916,106
P20916,223
P20916,246
P20916,315
P20916,406
P20916,450
P20916,454
Q13361,79
P11717,112
P11717,581
P11717,626
P11717,747
P11717,1246
Q13467,47
P14672,57
P01857,180
P08648,84
P08648,182
P08648,297
P08648,307
P08648,316
P08648,609
P08648,675
P08648,773
Q15166,323
Q99538,91
Q99538,167
Q99538,263
Q99538,272
Q8TDD5,138
Q8TDD5,172
Q99519,352
Q9BRR3,87
P08887,55
P08887,93
P08887,221
P08887,245
P08887,350
P27352,311
P27352,413
P32942,52
P32942,84
P32942,87
P32942,110
P32942,134
P32942,206
P32942,295
P32942,363
Q9UI40,111
P51888,124
P51888,327
O75473,208
Q9Y2E5,516
Q9Y5S8,162
Q9Y5S8,236
P57087,98
P01042,48
P01042,169
P01042,205
P01042,294
Q92859,210
Q92859,470
Q92859,489
Q92859,639
Q12908,10
Q99571,184
P10619,145
P10619,333
P20774,258
Q9UBG0,69
O15118,70
O15118,122
O15118,135
O15118,158
O15118,185
O15118,222
O15118,452
O15118,459
O15118,478
O15118,524
O15118,557
O15118,572
O15118,598
O15118,916
O15118,931
O15118,961
O15118,968
O15118,1064
P08473,145
P08473,285
P08473,325
P08473,628
Q10469,86
P80108,94
P80108,659
P05164,139
P05164,323
P05164,355
P05164,391
P05164,483
P05164,729
P04180,44
P04180,108
P04180,296
P04180,408
Q9UIQ6,184
Q9UIQ6,448
Q9UIQ6,682
Q9UIQ6,850
Q9UNW1,242
Q9Y251,162
Q9Y251,178
Q9Y251,200
Q9Y251,217
Q9Y251,238
Q9Y251,459
P07911,232
P07911,322
P07911,396
Q5JRA6,589
Q9UQP3,1149
O14817,161
Q15904,261
Q15904,273
Q9GZM7,78
Q9GZM7,161
P06133,315
P22310,142
P22310,348
P21754,125
P21754,147
P21754,272
P49767,175
P49767,205
Q93097,117
Q93097,283
Q9GZM5,337
O00206,35
O00206,173
O00206,205
O00206,282
O00206,309
O00206,497
O00206,526
O00206,575
O00206,624
Q9NUM4,145
Q9NUM4,151
Q9NUM4,164
Q9NUM4,183
Q9NUM4,256
Q9UK55,36
Q9UK55,180
Q9UK55,197
Q9UK55,295
Q13507,404
P24821,184
P24821,1018
P24821,1034
P24821,1079
P24821,1093
P24821,1184
P24821,1261
P24821,1275
P24821,1301
P24821,1366
P24821,1485
P24821,1809
P24821,2162
P35916,33
P35916,104
P35916,411
P35916,515
P35916,527
P02788,156
P02788,497
P02788,642
P25445,118
P00734,121
P00734,143
P00734,416
O15533,253
Q13641,124
P10636,87
P10636,383
P10636,467
P10636,480
P10636,491
P10636,542
P10636,551
P10636,576
P10636,597
P10636,598
P10636,664
P10636,670
P10636,686
Q92581,128
Q8N3V7,330
O14773,210
O14773,222
O14773,286
O14773,313
O14773,443
P22309,102
P54855,65
P13727,86
P00750,152
P00750,219
P00750,483
O43557,102
Q7Z7H5,117
Q9UIK5,204
P01033,53
P01033,101
Q14508,44
Q8TD43,992
P35968,143
P35968,245
P35968,318
Q9HD45,174
O43915,155
O43915,185
Q8WWF5,107
Q8WWF5,152
Q8WWF5,229
P38435,459
P38435,550
P05556,212
P05556,269
P05556,406
P05556,481
P05556,669
Q14643,2512
P98160,554
P98160,1755
P98160,2121
P98160,3072
P98160,3780
P98160,3836
P98160,4068
P08575,234
P08575,278
P08575,286
P08575,337
P08575,421
P08575,490
